question_translation_id,knowledge_point_id,language_code,translated_question_text,question_id,question_solution
55361,58,en,Multiply.\n4×85.76[[ans]]@,29160,"<div class=""ex-text"" align=""center"">

$$
4 \times 85.76
$$

</div>

**步骤 1：** 先忽略小数点，将这两个数字当作整数进行相乘。
$$
\begin{array}{l r}
&4\:\:\:\\
\times&8576\:\:\:\\
\hline
&{\color{Salmon}34304}\:\:\:\\
\end{array}
$$

**步骤 2：** 确定原始小数中小数点后的位数。在这个例子中，位数为 2。

**步骤 3：** 将小数点向左移动 二 位 位，以调整乘积。
$$
\begin{array}{l r}
&{\color{Salmon}4}\:\:\:\\
\times&85.{\color{Salmon}76}\:\:\:\\
\hline
&{\color{Salmon}343.04}\:\:\:\\
\end{array}
$$


所以 $4 \times 85.76 = 343.04$

</div>
</div>"
55078,59,en,Divide.\n59.7÷2[[ans]]@,28829,抱歉，本题的答案解析暂不支持
