solution_template_id,knowledge_point_id,template_text,template_text_zh-Hans,,,
56,1,"<div class=""ex-text"" align=""center"">
[[arg1]] [[arg2]] + [[arg3]] [[arg4]]
</div>

Let us see what **[[arg1]] [[arg2]]** and **[[arg3]] [[arg4]]** mean.

-  [[arg1]] [[arg2]] = [[arg1 * value_dict[arg2]]]
-  [[arg3]] [[arg4]] = [[arg3 * value_dict[arg4]]]
<div class=""ex-text"" align=""center"">
[[arg1]] [[arg2]] + [[arg3]] [[arg4]] = [[arg1 * value_dict[arg2]]] + [[arg3 * value_dict[arg4]]] = [[arg1 * value_dict[arg2] + arg3 * value_dict[arg4]]]
</div>","<div class=""ex-text"" align=""center"">
[[arg1]] [[arg2]] + [[arg3]] [[arg4]]
</div>

让我们看看 **[[arg1]] [[arg2]]** 和 **[[arg3]] [[arg4]]** 的含义。

-  [[arg1]] [[arg2]] = [[arg1 * value_dict[arg2]]]
-  [[arg3]] [[arg4]] = [[arg3 * value_dict[arg4]]]
<div class=""ex-text"" align=""center"">
[[arg1]] [[arg2]] + [[arg3]] [[arg4]] = [[arg1 * value_dict[arg2]]] + [[arg3 * value_dict[arg4]]] = [[arg1 * value_dict[arg2] + arg3 * value_dict[arg4]]]
</div>",,,
52,2,"<div class=""ex-text"" align=""center"">
[[arg1]] [[arg2]] - [[arg3]] [[arg4]]
</div>

Let us see what **[[arg1]] [[arg2]]** and **[[arg3]] [[arg4]]** mean.

-  [[arg1]] [[arg2]] = [[arg1 * value_dict[arg2]]]
-  [[arg3]] [[arg4]] = [[arg3 * value_dict[arg4]]]
<div class=""ex-text"" align=""center"">
[[arg1]] [[arg2]] - [[arg3]] [[arg4]] = [[arg1 * value_dict[arg2]]] - [[arg3 * value_dict[arg4]]] = [[arg1 * value_dict[arg2] - arg3 * value_dict[arg4]]]
</div>","<div class=""ex-text"" align=""center"">
[[arg1]] [[arg2]] - [[arg3]] [[arg4]]
</div>

让我们看看 **[[arg1]] [[arg2]]** 和 **[[arg3]] [[arg4]]** 的含义。

-  [[arg1]] [[arg2]] = [[arg1 * value_dict[arg2]]]
-  [[arg3]] [[arg4]] = [[arg3 * value_dict[arg4]]]
<div class=""ex-text"" align=""center"">
[[arg1]] [[arg2]] - [[arg3]] [[arg4]] = [[arg1 * value_dict[arg2]]] - [[arg3 * value_dict[arg4]]] = [[arg1 * value_dict[arg2] - arg3 * value_dict[arg4]]]
</div>",,,
51,3,"<div class=""ex-text"" align=""center"">

$[[arg1]] + [[arg2]]$
</div>

**Step 1:** Let's start by writing the number $[[arg1]]$ and below it write the number $[[arg2]]$. Be sure to line up $[[arg1 % 10]]$ and $[[arg2 % 10]]$ together. Always start adding from the right side also known as ones place.
$$

\begin{array}{l r}
& {\color{#21ABCD}tens}\:\:\:{\color{#8DB600}ones}\\
&{\color{#21ABCD}[[check_zero_at_tens(arg1 // 10)]]}\:\:\:\:\:\:\:\:\:\:{\color{#8DB600}[[arg1 % 10]]}\:\:\:\\
+&{\color{#21ABCD}[[check_zero_at_tens(arg2 // 10)]]}\:\:\:\:\:\:\:\:\:\:{\color{#8DB600}[[arg2 % 10]]}\:\:\:\\
\hline
\end{array}
$$

**Step 2:** Add the numbers in ones place first. $[[arg1 % 10]]  + [[arg2 % 10]]  =[[arg1 % 10 + arg2 % 10]]$ and write it in the one's place.
$$
\begin{array}{l r}
&[[check_zero_at_tens(arg1 // 10)]]{\color{Salmon}[[arg1 % 10]]}\\
+&[[check_zero_at_tens(arg2 // 10)]]{\color{Salmon}[[arg2 % 10]]}\\
\hline
&{\color{Salmon}[[arg1 % 10  + arg2 % 10]]}\\
\end{array}
$$

**Step 3:** Then add the numbers in tens place. [[arg1 // 10]] + [[arg2 // 10]] = [[arg1 // 10 + arg2 // 10]]. [[get_tens_statement(arg1 // 10 + arg2 // 10)]]
$$
\begin{array}{l r}
&{\color{Salmon} [[arg1 // 10]]} [[arg1 % 10]]\\
+&{\color{Salmon}[[arg2 // 10]]}[[arg2 % 10]]\\
\hline
& {\color{Salmon}[[check_zero_at_tens(arg1 // 10 + arg2 // 10)]]}[[arg1 % 10 + arg2 % 10]]\\
\end{array}
$$

So the answer is [[arg1 + arg2]].","<div class=""ex-text"" align=""center"">

$[[arg1]] + [[arg2]]$
</div>

**第一步：** 先写下数字 $[[arg1]]$，然后在下面写下数字 $[[arg2]]$。确保 $[[arg1 % 10]]$ 和 $[[arg2 % 10]]$ 对齐。始终从右侧，也就是个位开始加法。
$$

\begin{array}{l r}
& {\color{#21ABCD}十位}\:\:\:{\color{#8DB600}个位}\\
&{\color{#21ABCD}[[check_zero_at_tens(arg1 // 10)]]}\:\:\:\:\:\:\:\:\:\:{\color{#8DB600}[[arg1 % 10]]}\:\:\:\\
+&{\color{#21ABCD}[[check_zero_at_tens(arg2 // 10)]]}\:\:\:\:\:\:\:\:\:\:{\color{#8DB600}[[arg2 % 10]]}\:\:\:\\
\hline
\end{array}
$$

**第二步：** 先加个位上的数字。 $[[arg1 % 10]]  + [[arg2 % 10]]  =[[arg1 % 10 + arg2 % 10]]$ 并将其写在个位上。
$$
\begin{array}{l r}
&[[check_zero_at_tens(arg1 // 10)]]{\color{Salmon}[[arg1 % 10]]}\\
+&[[check_zero_at_tens(arg2 // 10)]]{\color{Salmon}[[arg2 % 10]]}\\
\hline
&{\color{Salmon}[[arg1 % 10  + arg2 % 10]]}\\
\end{array}
$$

**第三步：** 然后加十位上的数字。 [[arg1 // 10]] + [[arg2 // 10]] = [[arg1 // 10 + arg2 // 10]]。 [[get_tens_statement(arg1 // 10 + arg2 // 10)]]
$$
\begin{array}{l r}
&{\color{Salmon} [[arg1 // 10]]} [[arg1 % 10]]\\
+&{\color{Salmon}[[arg2 // 10]]}[[arg2 % 10]]\\
\hline
& {\color{Salmon}[[check_zero_at_tens(arg1 // 10 + arg2 // 10)]]}[[arg1 % 10 + arg2 % 10]]\\
\end{array}
$$

所以答案是 [[arg1 + arg2]]。",,,
41,4,"<div class=""ex-text"" align=""center"">

$[[arg1]] - [[arg2]]$
</div>

**Step 1:** Let's start by writing the number $[[arg1]]$ and below it write the number $[[arg2]]$. Be sure to line up $[[arg1 % 10]]$ and $[[arg2 % 10]]$ together. Always start subtracting from the right side or from the ones place.

$$
\begin{array}{l r}
& {\color{#21ABCD}tens}\:\:\:{\color{#8DB600}ones}\\
&{\color{#21ABCD}[[check_zero_at_tens(arg1 // 10)]]}\:\:\:\:\:\:\:\:\:\:{\color{#8DB600}[[arg1 % 10]]}\:\:\:\\
-&{\color{#21ABCD}[[check_zero_at_tens(arg2 // 10)]]}\:\:\:\:\:\:\:\:\:\:{\color{#8DB600}[[arg2 % 10]]}\:\:\:\\
\hline
\end{array}
$$

**Step 2:** Then calculate the numbers in the ones place: $[[arg1 % 10]] - [[arg2 % 10]] = [[arg1 % 10 - arg2 % 10]]$. Write down the $[[arg1 % 10 - arg2 % 10]]$ in the ones place.
$$
\begin{array}{l r}
&[[check_zero_at_tens(arg1 // 10)]]{\color{Salmon}[[arg1 % 10]]}\\
-&[[check_zero_at_tens(arg2 // 10)]]{\color{Salmon}[[arg2 % 10]]}\\
\hline
&{\color{Salmon}[[arg1 % 10  - arg2 % 10]]}\\
\end{array}
$$

**Step 3:** Next, calculate the tens digit, $[[arg1 // 10]] - [[arg2 // 10]] = [[arg1 // 10 - arg2 // 10]]$. [[get_tens_statement(arg1 // 10 - arg2 // 10)]]
$$
\begin{array}{l r}
&{\color{Salmon}[[arg1 // 10]]}[[arg1 % 10]]\\
-&{\color{Salmon}[[arg2 // 10]]}[[arg2 % 10]]\\
\hline
& {\color{Salmon}[[check_zero_at_tens(arg1 // 10 - arg2 // 10)]]}[[arg1 % 10 - arg2 % 10]]\\
\end{array}
$$

So the answer is $[[arg1 - arg2]]$.","<div class=""ex-text"" align=""center"">

$[[arg1]] - [[arg2]]$
</div>

**步骤 1：** 首先写下数字 $[[arg1]]$，并在下面写下数字 $[[arg2]]$。确保将 $[[arg1 % 10]]$ 和 $[[arg2 % 10]]$ 对齐。总是从右侧或从个位开始减法。

$$
\begin{array}{l r}
& {\color{#21ABCD}十位}\:\:\:{\color{#8DB600}个位}\\
&{\color{#21ABCD}[[check_zero_at_tens(arg1 // 10)]]}\:\:\:\:\:\:\:\:\:\:{\color{#8DB600}[[arg1 % 10]]}\:\:\:\\
-&{\color{#21ABCD}[[check_zero_at_tens(arg2 // 10)]]}\:\:\:\:\:\:\:\:\:\:{\color{#8DB600}[[arg2 % 10]]}\:\:\:\\
\hline
\end{array}
$$

**步骤 2：** 然后计算个位上的数字：$[[arg1 % 10]] - [[arg2 % 10]] = [[arg1 % 10 - arg2 % 10]]$。将 $[[arg1 % 10 - arg2 % 10]]$ 写在个位上。
$$
\begin{array}{l r}
&[[check_zero_at_tens(arg1 // 10)]]{\color{Salmon}[[arg1 % 10]]}\\
-&[[check_zero_at_tens(arg2 // 10)]]{\color{Salmon}[[arg2 % 10]]}\\
\hline
&{\color{Salmon}[[arg1 % 10  - arg2 % 10]]}\\
\end{array}
$$

**步骤 3：** 接下来，计算十位数字，$[[arg1 // 10]] - [[arg2 // 10]] = [[arg1 // 10 - arg2 // 10]]$。[[get_tens_statement(arg1 // 10 - arg2 // 10)]]
$$
\begin{array}{l r}
&{\color{Salmon}[[arg1 // 10]]}[[arg1 % 10]]\\
-&{\color{Salmon}[[arg2 // 10]]}[[arg2 % 10]]\\
\hline
& {\color{Salmon}[[check_zero_at_tens(arg1 // 10 - arg2 // 10)]]}[[arg1 % 10 - arg2 % 10]]\\
\end{array}
$$

所以答案是 $[[arg1 - arg2]]$。",,,
40,5,"<div class=""ex-text"" align=""center"">

What is/are the missing numbers?

[[input_format_arr]]

</div>

**Step 1:** Find the pattern! We can look at the numbers we have and see if there is a pattern we can use to find the missing numbers. In this case, we can see that the numbers are going up by [[diff]] each time, so the pattern is ${\color{#8DB600}[[diff]]}$.

[[steps]]
[[missing_numbers]] The completed sequence is

$$
[[sequence]]
$$","<div class=""ex-text"" align=""center"">

缺失的数字是什么？

[[input_format_arr]]

</div>

**步骤 1：** 找出规律！我们可以看看现有的数字，看看是否有一个模式可以用来找到缺失的数字。在这种情况下，我们可以看到数字每次增加 [[diff]]，所以模式是 ${\color{#8DB600}[[diff]]}$。

[[steps]]
[[missing_numbers]] 完整的序列是

$$
[[sequence]]
$$",,,
46,6,"<div class=""ex-text"" align=""center"">

$[[arg1]]$ ? $[[arg2]]$

</div>

:::number-line compare [[arg1]],[[arg2]]:::

[[less_greater_equal_statement(arg1,arg2) ]]
$$
[[arg1]] {\color{Salmon}\:[[get_sign(arg1,arg2)]]\:} [[arg2]]
$$","<div class=""ex-text"" align=""center"">

$[[arg1]]$ ? $[[arg2]]$

</div>

:::number-line compare [[arg1]],[[arg2]]:::

[[less_greater_equal_statement(arg1,arg2)]]
$$
[[arg1]] {\color{Salmon}\:[[get_sign(arg1,arg2)]]\:} [[arg2]]
$$",,,
47,7,"<div class=""ex-text"" align=""center"">

$[[arg1]]$ $=$ __tens $+$ __ones

</div>

:::3d-cubes [[arg1//10]] + [[arg1%10]] :::

**Step 1:** The ""tens"" part tells us how many groups of ten there are in [[arg1]]. In this case, there is only [[arg1//10]] group of ten.
<div align=""center"">

$[[arg1//10]]$ tens = $[[arg1//10 * 10]]$
</div>

**Step 2:** The ""ones"" part tells us how many ones there are in [[arg1]]. In this case, there are [[arg1 % 10]] ones.
<div align=""center"">

$[[arg1 % 10]]$ ones = $[[arg1 % 10]]$
</div>

**Step 3:** When we add the number of tens and the number of ones together, we get the original number, which is [[arg1]].

So, **[[arg1]] = __tens + __ones** just helps us understand how the number [[arg1]] is made up of two smaller parts, and how those parts add up to give us [[arg1]].[[statement_of_one_tens(arg1)]]
<div align=""center"">

$[[arg1]]$ $=$ ${\color{Salmon}[[arg1//10]]}$ tens [[result_statement(arg1)]]
</div>","<div class=""ex-text"" align=""center"">

$[[arg1]]$ $=$ __十位$+$ __个位

</div>

:::3d-cubes [[arg1//10]] + [[arg1%10]] :::

**步骤 1:** “十”部分告诉我们[[arg1]]中有多少个十位。在这种情况下，只有[[arg1//10]]个十位。
<div align=""center"">

$[[arg1//10]]$ 十 = $[[arg1//10 * 10]]$
</div>

**步骤 2:** “个位”部分告诉我们[[arg1]]中有多少个个位。在这种情况下，有[[arg1 % 10]]个个位。
<div align=""center"">

$[[arg1 % 10]]$ 个位 = $[[arg1 % 10]]$
</div>

**步骤 3:** 当我们将十位的数量和个位的数量相加时，我们得到原来的数字，即[[arg1]]。

所以，**[[arg1]] = __十位 + __个位** 只是帮助我们理解数字[[arg1]]是由两个较小的部分构成的，以及这两个部分是如何加起来得到[[arg1]]的。[[statement_of_one_tens(arg1)]]
<div align=""center"">

$[[arg1]]$ $=$ ${\color{Salmon}[[arg1//10]]}$ 十 [[result_statement(arg1)]]
</div>",,,
13,9,"<div class=""ex-text"" align=""center"">

$[[arg1]] + [[arg2]]$
</div>

**Step 1:** Let us sort the numbers by their place value. [[sub_statment1(arg1)]], and [[sub_statment1(arg2)]].
$$
\begin{array}{l r}
& {\color{#21ABCD}tens}\:\:\:{\color{#8DB600}ones}\\
&{\color{#21ABCD}[[check_zero_at_tens(arg1//10)]]}\:\:\:\:\:\:\:\:\:\:{\color{#8DB600}[[arg1%10]]}\:\:\:\\
+&{\color{#21ABCD}[[check_zero_at_tens(arg2//10)]]}\:\:\:\:\:\:\:\:\:\:{\color{#8DB600}[[arg2%10]]}\:\:\:\\
\hline
\end{array}
$$

**Step 2:** Add the numbers in ones column below. $[[arg1%10]]+[[arg2%10]]$ which comes to [[arg1%10 + arg2 %10]]. Since [[arg1%10 + arg2 %10]] has exceeded $9$ we will regroup it. In other words, $[[arg1%10 + arg2 %10]]$ is a two-digit number so we will regroup this sum into tens and ones. This means we will carry over the tens digit of the sum to the preceding column and write the ones digit in that particular column. Here, we will write $[[(arg1%10 + arg2 %10) % 10]]$ in ones column, and carry over $1$ to the tens column.
$$
\begin{array}{l r}
& \tiny1\:\:\:\:\\[-3pt]
&[[check_zero_at_tens(arg1//10)]]{\color{Salmon}[[arg1%10]]}\\
+&[[check_zero_at_tens(arg2//10)]]{\color{Salmon}[[arg2%10]]}\\
\hline
& [[(arg1 % 10 + arg2 % 10) % 10]]\\
\end{array}
$$

**Step 3:** Go ahead and add the numbers in the tens column, $[[check_zero_at_tens(arg1//10)]][[check_sign(arg1//10)]][[check_zero_at_tens(arg2//10)]][[check_sign(arg2//10)]]1$ which comes to $[[arg1//10 + arg2//10 + 1]]$. So the sum of this column will be $[[arg1//10 + arg2//10 + 1]]$. Therefore, the sum of $[[arg1]]+[[arg2]] = [[arg1+arg2]]$.
$$
\begin{array}{l r}
& \tiny{\color{Salmon}1}\:\:\:\:\\[-3pt]
&{\color{Salmon}[[check_zero_at_tens(arg1//10)]]}[[arg1%10]]\\
+&{\color{Salmon}[[check_zero_at_tens(arg2//10)]]}[[arg2%10]]\\
\hline
& [[arg1+arg2]]\\
\end{array}
$$","<div class=""ex-text"" align=""center"">

$[[arg1]] + [[arg2]]$
</div>

**步骤 1：** 让我们按数字的位值进行排序。[[sub_statment1(arg1)]], 和 [[sub_statment1(arg2)]].
$$
\begin{array}{l r}
& {\color{#21ABCD}十位}\:\:\:{\color{#8DB600}个位}\\
&{\color{#21ABCD}[[check_zero_at_tens(arg1//10)]]}\:\:\:\:\:\:\:\:\:\:{\color{#8DB600}[[arg1%10]]}\:\:\:\\
+&{\color{#21ABCD}[[check_zero_at_tens(arg2//10)]]}\:\:\:\:\:\:\:\:\:\:{\color{#8DB600}[[arg2%10]]}\:\:\:\\
\hline
\end{array}
$$

**步骤 2：**  先将个位上的数字相加： $[[arg1%10]]+[[arg2%10]]$，结果为 [[arg1%10 + arg2 %10]]。由于 [[arg1%10 + arg2 %10]] 超过了 $9$，需要进行进位。换句话说，$[[arg1%10 + arg2 %10]]$ 是一个两位数，因此我们将其重新拆分为十位和个位。这意味着我们将十位数进位到前一列，并把个位数保留在当前列中。在此例中，个位数为$[[(arg1%10 + arg2 %10) % 10]]$ 将其写在个位列，进位 $1$ 到十位列。                                            
$$
\begin{array}{l r}
& \tiny1\:\:\:\:\\[-3pt]
&[[check_zero_at_tens(arg1//10)]]{\color{Salmon}[[arg1%10]]}\\
+&[[check_zero_at_tens(arg2//10)]]{\color{Salmon}[[arg2%10]]}\\
\hline
& [[(arg1 % 10 + arg2 % 10) % 10]]\\
\end{array}
$$

**步骤 3：** 继续将十位数上的数字相加，$[[check_zero_at_tens(arg1//10)]][[check_sign(arg1//10)]][[check_zero_at_tens(arg2//10)]][[check_sign(arg2//10)]]1$ 的结果是 $[[arg1//10 + arg2//10 + 1]]$。因此，这一列的总和将是 $[[arg1//10 + arg2//10 + 1]]$。最终，$[[arg1]]+[[arg2]] = [[arg1+arg2]]$ 的和为：
$$
\begin{array}{l r}
& \tiny{\color{Salmon}1}\:\:\:\:\\[-3pt]
&{\color{Salmon}[[check_zero_at_tens(arg1//10)]]}[[arg1%10]]\\
+&{\color{Salmon}[[check_zero_at_tens(arg2//10)]]}[[arg2%10]]\\
\hline
& [[arg1+arg2]]\\
\end{array}
$$",,,
25,10,"<div class=""ex-text"" align=""center"">

$[[arg1]] - [[arg2]]$
</div>

**Step 1:** Let us compare two numbers, $[[arg1]]$ and $[[arg2]]$. [[sub_statment1(arg1)]], and [[sub_statment1(arg2)]].
$$
\begin{array}{l r}
& {\color{#21ABCD}tens}\:\:\:{\color{#8DB600}ones}\\
&{\color{#21ABCD}[[arg1//10]]}\:\:\:\:\:\:\:\:\:\:{\color{#8DB600}[[arg1%10]]}\:\:\:\\
-&{\color{#21ABCD}[[check_zero_at_tens(arg2//10)]]}\:\:\:\:\:\:\:\:\:\:{\color{#8DB600}[[arg2%10]]}\:\:\:\\
\hline
\end{array}
$$

**Step 2:**  Subtraction always begins with the ones place. In this case, we can see that $[[arg1%10]]$ is smaller than $[[arg2%10]]$. So, we will borrow $1$ from the tens column, which will make it $1[[arg1%10]]$. Now, $1[[arg1%10]] - [[arg2%10]] = [[10 + arg1%10 - arg2%10]]$.
$$
\begin{array}{l r}
& \tiny[[arg1//10 - 1]]\:{\color{Salmon}1[[arg1%10]]}\\[-3pt]
&\cancel[[arg1//10]]\cancel[[arg1%10]]\\
-&[[check_zero_at_tens(arg2//10)]]{\color{Salmon}[[arg2%10]]}\\
\hline
& {\color{Salmon}[[10 + arg1%10 - arg2%10]]}\\
\end{array}
$$

**Step 3:** After giving $1$ to the ones column in **Step 2**, the $[[arg1 // 10]]$ in the tens column becomes $[[arg1 // 10 - 1]]$. Now, let us subtract the digits in the tens place $[[arg1 // 10 - 1]] - [[arg2//10]]$. If we subtract $[[arg2//10]]$ from $[[arg1 // 10 - 1]]$. This will make it $[[arg1 // 10 - 1 - arg2//10]]$. So, $[[arg1]]-[[arg2]]=[[arg1-arg2]]$

$$
\begin{array}{l r}
& \tiny{\color{Salmon}[[arg1//10 - 1]]}\:1[[arg1%10]]\\[-3pt]
&\cancel[[arg1//10]]\cancel[[arg1%10]]\\
-&{\color{Salmon}[[check_zero_at_tens(arg2//10)]]}[[arg2%10]]\\
\hline
& {\color{Salmon}[[check_zero_at_tens(arg1//10 - 1 - arg2//10)]]}[[10 + arg1%10 - arg2%10]]\\
\end{array}
$$","<div class=""ex-text"" align=""center"">

$[[arg1]] - [[arg2]]$
</div>

**步骤 1:** 让我们比较两个数字，$[[arg1]]$ 和 $[[arg2]]$。 [[sub_statment1(arg1)]], 和 [[sub_statment1(arg2)]]。
$$
\begin{array}{l r}
& {\color{#21ABCD}十位}\:\:\:{\color{#8DB600}个位}\\
&{\color{#21ABCD}[[arg1//10]]}\:\:\:\:\:\:\:\:\:\:{\color{#8DB600}[[arg1%10]]}\:\:\:\\
-&{\color{#21ABCD}[[check_zero_at_tens(arg2//10)]]}\:\:\:\:\:\:\:\:\:\:{\color{#8DB600}[[arg2%10]]}\:\:\:\\
\hline
\end{array}
$$

**步骤 2:**  减法总是从个位开始。在这个例子中，我们可以看到 $[[arg1%10]]$ 小于 $[[arg2%10]]$。所以，我们将从十位借 $1$，这将使它变成 $1[[arg1%10]]$。现在，$1[[arg1%10]] - [[arg2%10]] = [[10 + arg1%10 - arg2%10]]$。
$$
\begin{array}{l r}
& \tiny[[arg1//10 - 1]]\:{\color{Salmon}1[[arg1%10]]}\\[-3pt]
&\cancel[[arg1//10]]\cancel[[arg1%10]]\\
-&[[check_zero_at_tens(arg2//10)]]{\color{Salmon}[[arg2%10]]}\\
\hline
& {\color{Salmon}[[10 + arg1%10 - arg2%10]]}\\
\end{array}
$$

**步骤 3:** 在 **步骤 2** 中将 $1$ 给了个位后，十位的 $[[arg1 // 10]]$ 变成了 $[[arg1 // 10 - 1]]$。现在，让我们从十位数字中减去 $[[arg2//10]]$。如果我们从 $[[arg1 // 10 - 1]]$ 减去 $[[arg2//10]]$，这将使其变成 $[[arg1 // 10 - 1 - arg2//10]]$。所以，$[[arg1]]-[[arg2]]=[[arg1-arg2]]$

$$
\begin{array}{l r}
& \tiny{\color{Salmon}[[arg1//10 - 1]]}\:1[[arg1%10]]\\[-3pt]
&\cancel[[arg1//10]]\cancel[[arg1%10]]\\
-&{\color{Salmon}[[check_zero_at_tens(arg2//10)]]}[[arg2%10]]\\
\hline
& {\color{Salmon}[[check_zero_at_tens(arg1//10 - 1 - arg2//10)]]}[[10 + arg1%10 - arg2%10]]\\
\end{array}
$$",,,
24,11,"<div class=""ex-text"" align=""center"">

What is/are the missing numbers?

[[input_format_arr]]

</div>

**Step 1:** Find the pattern! We can look at the numbers we have and see if there is a pattern we can use to find the missing numbers. In this case, we can see that the numbers are going up by [[diff]] each time, so the pattern is ${\color{#8DB600}[[diff]]}$.

[[steps]]
[[missing_numbers]] The completed sequence is

$$
[[sequence]]
$$","<div class=""ex-text"" align=""center"">

缺失的数字是什么？

[[input_format_arr]]

</div>

**步骤 1:** 找到规律！我们可以查看现有的数字，看看是否有可以用来找出缺失数字的方法。在这种情况下，我们可以看到数字每次增加 [[diff]]，所以规律是 ${\color{#8DB600}[[diff]]}$。

[[steps]]
[[missing_numbers]] 完成的序列是

$$
[[sequence]]
$$",,,
22,12,"<div class=""ex-text"" align=""center"">

$[[arg1]]$ ? $[[arg2]]$

</div>

[[generate_statement(arg1,arg2)]]","<div class=""ex-text"" align=""center"">

$[[arg1]]$ ? $[[arg2]]$

</div>

[[generate_statement(arg1,arg2)]]",,,
16,14,"<div class=""ex-text"" align=""center"">

$[[arg1]] + [[arg2]]$

</div>

**Step 1:** Let's begin by writing the number $[[arg1]]$, and below it, write the number $[[arg2]]$. Make sure to align the digits in the ones place, which are $[[arg1%10]]$ and $[[arg2%10]]$. Always start adding from the right side, which is also called the ones place.
$$
\begin{array}{l r}
& {\color{#C4A680}hundreds}\:\:\:{\color{#21ABCD}tens}\:\:\:{\color{#8DB600}ones}\\
&{\color{#C4A680}[[check_zero_at_tens(arg1//100)]]}\:\:\:\:\:\:\:\:\:\:\:\:\:\:{\color{#21ABCD}[[(arg1//10)%10]]}\:\:\:\:\:\:\:\:\:\:{\color{#8DB600}[[arg1%10]]}\:\:\:\\
+&{\color{#C4A680}[[check_zero_at_tens(arg2//100)]]}\:\:\:\:\:\:\:\:\:\:\:\:\:\:{\color{#21ABCD}[[(arg2//10) % 10]]}\:\:\:\:\:\:\:\:\:\:{\color{#8DB600}[[arg2%10]]}\:\:\:\\
\hline
\end{array}
$$

**Step 2:** Add the numbers in the ones place first. $[[arg1%10]] + [[arg2%10]] =[[arg1%10 + arg2%10]]$ and write it in the ones place.
$$
\begin{array}{l r}
&[[check_zero_at_tens(arg1//100)]][[(arg1//10)%10]]{\color{Salmon}[[arg1%10]]}\\
+&[[check_zero_at_tens(arg2//100)]][[(arg2//10)%10]]{\color{Salmon}[[arg2%10]]}\\
\hline
&{\color{Salmon}[[arg1%10 + arg2%10]]}\\
\end{array}
$$

**Step 3:** Then add the numbers in the tens place $[[(arg1//10)%10]] + [[(arg2//10)%10]] = [[(arg1//10)%10 + (arg2//10)%10]]$ and write them in the tens place.
$$
\begin{array}{l r}
&[[check_zero_at_tens(arg1//100)]]{\color{Salmon}[[(arg1//10)%10]]}[[arg1%10]]\\
+&[[check_zero_at_tens(arg2//100)]]{\color{Salmon}[[(arg2//10)%10]]}[[arg2%10]]\\
\hline
& {\color{Salmon}[[(arg1//10)%10 + (arg2//10)%10]]}[[arg1%10 + arg2%10]]\\
\end{array}
$$

**Step 4:** Add the numbers in the hundreds place. $[[arg1//100]] + [[arg2//100]] =[[arg1//100 + arg2//100]]$ and write them in the hundreds place.
$$
\begin{array}{l r}
&{\color{Salmon}[[check_zero_at_tens(arg1//100)]]}[[(arg1//10)%10]][[arg1%10]]\\
+&{\color{Salmon}[[check_zero_at_tens(arg2//100)]]}[[(arg2//10)%10]][[arg2%10]]\\
\hline
& {\color{Salmon}[[arg1//100 + arg2//100]]}[[(arg1//10)%10 + (arg2//10)%10]][[arg1%10 + arg2%10]]\\
\end{array}
$$

So the answer is $[[arg1+arg2]]$.","<div class=""ex-text"" align=""center"">

$[[arg1]] + [[arg2]]$

</div>

**第 1 步：** 让我们先写下数字 $[[arg1]]$，然后在下面写下数字 $[[arg2]]$。确保个位上的数字对齐，即 $[[arg1%10]]$ 和 $[[arg2%10]]$。始终从右侧开始相加，这也叫个位。
$$
\begin{array}{l r}
& {\color{#C4A680}百位}\:\:\:{\color{#21ABCD}十位}\:\:\:{\color{#8DB600}个位}\\
&{\color{#C4A680}[[check_zero_at_tens(arg1//100)]]}\:\:\:\:\:\:\:\:\:\:\:\:\:\:{\color{#21ABCD}[[(arg1//10)%10]]}\:\:\:\:\:\:\:\:\:\:{\color{#8DB600}[[arg1%10]]}\:\:\:\\
+&{\color{#C4A680}[[check_zero_at_tens(arg2//100)]]}\:\:\:\:\:\:\:\:\:\:\:\:\:\:{\color{#21ABCD}[[(arg2//10) % 10]]}\:\:\:\:\:\:\:\:\:\:{\color{#8DB600}[[arg2%10]]}\:\:\:\\
\hline
\end{array}
$$

**第 2 步：** 首先加个位上的数字。 $[[arg1%10]] + [[arg2%10]] =[[arg1%10 + arg2%10]]$ 并将其写在个位上。
$$
\begin{array}{l r}
&[[check_zero_at_tens(arg1//100)]][[(arg1//10)%10]]{\color{Salmon}[[arg1%10]]}\\
+&[[check_zero_at_tens(arg2//100)]][[(arg2//10)%10]]{\color{Salmon}[[arg2%10]]}\\
\hline
&{\color{Salmon}[[arg1%10 + arg2%10]]}\\
\end{array}
$$

**第 3 步：** 然后加十位上的数字 $[[(arg1//10)%10]] + [[(arg2//10)%10]] = [[(arg1//10)%10 + (arg2//10)%10]]$ 并将其写在十位上。
$$
\begin{array}{l r}
&[[check_zero_at_tens(arg1//100)]]{\color{Salmon}[[(arg1//10)%10]]}[[arg1%10]]\\
+&[[check_zero_at_tens(arg2//100)]]{\color{Salmon}[[(arg2//10)%10]]}[[arg2%10]]\\
\hline
& {\color{Salmon}[[(arg1//10)%10 + (arg2//10)%10]]}[[arg1%10 + arg2%10]]\\
\end{array}
$$

**第 4 步：** 加百位上的数字。 $[[arg1//100]] + [[arg2//100]] =[[arg1//100 + arg2//100]]$ 并将其写在百位上。
$$
\begin{array}{l r}
&{\color{Salmon}[[check_zero_at_tens(arg1//100)]]}[[(arg1//10)%10]][[arg1%10]]\\
+&{\color{Salmon}[[check_zero_at_tens(arg2//100)]]}[[(arg2//10)%10]][[arg2%10]]\\
\hline
& {\color{Salmon}[[arg1//100 + arg2//100]]}[[(arg1//10)%10 + (arg2//10)%10]][[arg1%10 + arg2%10]]\\
\end{array}
$$

所以答案是 $[[arg1+arg2]]$。",,,
19,15,"<div class=""ex-text"" align=""center"">

$[[arg1]]-[[arg2]]$

</div>

**Step 1:** Let's begin by writing the number $[[arg1]]$, and below it, write the number $[[arg2]]$. Make sure to align the digits in the ones place, which are $[[arg1%10]]$ and $[[arg2%10]]$. Always start subtracting from the right side, which is also called the ones place.
$$
\begin{array}{l r}
& {\color{#C4A680}hundreds}\:\:\:{\color{#21ABCD}tens}\:\:\:{\color{#8DB600}ones}\\
&{\color{#C4A680}[[arg1//100]]}\:\:\:\:\:\:\:\:\:\:\:\:\:\:{\color{#21ABCD}[[arg1//10%10]]}\:\:\:\:\:\:\:\:\:\:{\color{#8DB600}[[arg1%10]]}\:\:\:\\
-&{\color{#C4A680}[[arg2//100]]}\:\:\:\:\:\:\:\:\:\:\:\:\:\:{\color{#21ABCD}[[arg2//10 % 10]]}\:\:\:\:\:\:\:\:\:\:{\color{#8DB600}[[arg2%10]]}\:\:\:\\
\hline
\end{array}
$$
**Step 2:** Subtract the numbers in the ones place first. $[[arg1%10]] - [[arg2%10]] = [[arg1%10 - arg2%10]]$ and write it in the ones place.
$$
\begin{array}{l r}
&[[arg1//100]][[(arg1//10)%10]]{\color{Salmon}[[arg1%10]]}\\
-&[[arg2//100]][[(arg2//10)%10]]{\color{Salmon}[[arg2%10]]}\\
\hline
&{\color{Salmon}[[arg1%10 - arg2%10]]}\\
\end{array}
$$
**Step 3:** Then subtract the numbers in the tens place $[[(arg1//10)%10]] - [[(arg2//10)%10]] = [[(arg1//10)%10 - (arg2//10)%10]]$ and write them in the tens place.
$$
\begin{array}{l r}
&[[arg1//100]]{\color{Salmon}[[(arg1//10)%10]]}[[arg1%10]]\\
-&[[arg2//100]]{\color{Salmon}[[(arg2//10)%10]]}[[arg2%10]]\\
\hline
& {\color{Salmon}[[(arg1//10)%10 - (arg2//10)%10]]}[[arg1%10 - arg2%10]]\\
\end{array}
$$
**Step 4:** Subtract the numbers in the hundreds place. $[[arg1//100]] - [[arg2//100]] = [[arg1//100 - arg2//100]]$ and write them in the hundreds place.
$$
\begin{array}{l r}
&{\color{Salmon}[[arg1//100]]}[[(arg1//10)%10]][[arg1%10]]\\
-&{\color{Salmon}[[arg2//100]]}[[(arg2//10)%10]][[arg2%10]]\\
\hline
& {\color{Salmon}[[arg1//100 - arg2//100]]}[[(arg1//10)%10 - (arg2//10)%10]][[arg1%10 - arg2%10]]\\
\end{array}
$$

So the answer is $[[arg1-arg2]]$.","<div class=""ex-text"" align=""center"">

$[[arg1]]-[[arg2]]$

</div>

**步骤 1:** 让我们先写下数字 $[[arg1]]$，在它的下方写下数字 $[[arg2]]$。确保对齐个位数，即 $[[arg1%10]]$ 和 $[[arg2%10]]$。始终从右侧开始减法，也就是个位数。
$$
\begin{array}{l r}
& {\color{#C4A680}百} \:\:\:{\color{#21ABCD}十} \:\:\:{\color{#8DB600}个位}\\
& {\color{#C4A680}[[arg1//100]]}\:\:\:\:\:\:\:\:\:\:\:\:\:\:{\color{#21ABCD}[[arg1//10%10]]}\:\:\:\:\:\:\:\:\:\:{\color{#8DB600}[[arg1%10]]}\:\:\:\\
-& {\color{#C4A680}[[arg2//100]]}\:\:\:\:\:\:\:\:\:\:\:\:\:\:{\color{#21ABCD}[[arg2//10 % 10]]}\:\:\:\:\:\:\:\:\:\:{\color{#8DB600}[[arg2%10]]}\:\:\:\\
\hline
\end{array}
$$
**步骤 2:** 先减去个位数的数字。 $[[arg1%10]] - [[arg2%10]] = [[arg1%10 - arg2%10]]$，并将其写在个位数的位置。
$$
\begin{array}{l r}
& [[arg1//100]][[(arg1//10)%10]]{\color{Salmon}[[arg1%10]]}\\
-& [[arg2//100]][[(arg2//10)%10]]{\color{Salmon}[[arg2%10]]}\\
\hline
& {\color{Salmon}[[arg1%10 - arg2%10]]}\\
\end{array}
$$
**步骤 3:** 然后减去十位数的数字 $[[(arg1//10)%10]] - [[(arg2//10)%10]] = [[(arg1//10)%10 - (arg2//10)%10]]$，并将它们写在十位数的位置。
$$
\begin{array}{l r}
& [[arg1//100]]{\color{Salmon}[[(arg1//10)%10]]}[[arg1%10]]\\
-& [[arg2//100]]{\color{Salmon}[[(arg2//10)%10]]}[[arg2%10]]\\
\hline
& {\color{Salmon}[[(arg1//10)%10 - (arg2//10)%10]]}[[arg1%10 - arg2%10]]\\
\end{array}
$$
**步骤 4:** 减去百位数的数字。 $[[arg1//100]] - [[arg2//100]] = [[arg1//100 - arg2//100]]$，并将它们写在百位数的位置。
$$
\begin{array}{l r}
& {\color{Salmon}[[arg1//100]]}[[(arg1//10)%10]][[arg1%10]]\\
-& {\color{Salmon}[[arg2//100]]}[[(arg2//10)%10]][[arg2%10]]\\
\hline
& {\color{Salmon}[[arg1//100 - arg2//100]]}[[(arg1//10)%10 - (arg2//10)%10]][[arg1%10 - arg2%10]]\\
\end{array}
$$

所以答案是 $[[arg1-arg2]]$。",,,
21,16,"<div class=""ex-text"" align=""center"">

What is/are the missing numbers?

[[input_format_arr]]

</div>

**Step 1:** Find the pattern! We can look at the numbers we have and see if there is a pattern we can use to find the missing numbers. In this case, we can see that the numbers are going up by [[diff]] each time, so the pattern is ${\color{#8DB600}[[diff]]}$.

[[steps]]

[[missing_numbers]] The completed sequence is

$$
[[sequence]]
$$","<div class=""ex-text"" align=""center"">

缺失的数字是什么？

[[input_format_arr]]

</div>

**步骤 1：** 找到规律！我们可以查看我们已有的数字，看看是否可以找到一个可以用来找出缺失数字的规律。在这种情况下，我们可以看到每次数字都增加了 [[diff]]，所以这个规律是 ${\color{#8DB600}[[diff]]}$。

[[steps]]

[[missing_numbers]] 完整的序列是

$$
[[sequence]]
$$",,,
20,17,"<div class=""ex-text"" align=""center"">

$[[arg1]]$ ? $[[arg2]]$
</div>

[[generate_statement(arg1,arg2)]]","<div class=""ex-text"" align=""center"">

$[[arg1]]$ ? $[[arg2]]$
</div>

[[generate_statement(arg1,arg2)]]",,,
33,18,"<div class=""ex-text"" align=""center"">

[[arg1]] [[arg2]] + [[arg3]] [[arg4]] + [[arg5]] [[arg6]]

</div>

Let us see what **[[arg1]] [[arg2]]** **[[arg3]] [[arg4]]** and **[[arg5]] [[arg6]]** mean.

-  [[arg1]] [[arg2]] = [[arg1 * value_dict[arg2]]]
-  [[arg3]] [[arg4]] = [[arg3 * value_dict[arg4]]]
-  [[arg5]] [[arg6]] = [[arg5 * value_dict[arg6]]]
<div class=""ex-text"" align=""center"">
[[arg1]] [[arg2]] + [[arg3]] [[arg4]] + [[arg5]] [[arg6]] = [[arg1 * value_dict[arg2]]] + [[arg3 * value_dict[arg4]]] + [[arg5 * value_dict[arg6]]] = [[arg1 * value_dict[arg2] + arg3 * value_dict[arg4] + arg5 * value_dict[arg6]]]","<div class=""ex-text"" align=""center"">

[[arg1]] [[arg2]] + [[arg3]] [[arg4]] + [[arg5]] [[arg6]]

</div>

让我们看看 **[[arg1]] [[arg2]]** **[[arg3]] [[arg4]]** 和 **[[arg5]] [[arg6]]**是什么

-  [[arg1]] [[arg2]] = [[arg1 * value_dict[arg2]]]
-  [[arg3]] [[arg4]] = [[arg3 * value_dict[arg4]]]
-  [[arg5]] [[arg6]] = [[arg5 * value_dict[arg6]]
<div class=""ex-text"" align=""center"">
[[arg1]] [[arg2]] + [[arg3]] [[arg4]] + [[arg5]] [[arg6]] = [[arg1 * value_dict[arg2]]] + [[arg3 * value_dict[arg4]]] + [[arg5 * value_dict[arg6]]] = [[arg1 * value_dict[arg2] + arg3 * value_dict[arg4] + arg5 * value_dict[arg6]]]",,,
37,19,"[[number_word_argument(arg1)]]

It should be [[convert_form(arg1)]].",[[convert_form(arg1)]],,,
35,24,"<div class=""ex-text"" align=""center"">

$$
[[arg1]] × [[arg2]] = [[arg1 * arg2]]
$$

</div>

If you have [[arg2]] groups of [[arg1]] [[item]], you can count all of them one by one and get [[arg1 * arg2]] [[item]]. But instead of counting them one by one, you can use multiplication to get the answer faster. You just need to know that [[arg2]] groups of [[arg1]] [[item]] equals [[arg1 * arg2]] [[item]], or [[arg2]] times [[arg1]] equals [[arg1 * arg2]].","<div class=""ex-text"" align=""center"">

$$
[[arg1]] × [[arg2]] = [[arg1 * arg2]]
$$

</div>

如果你有 [[arg2]] 组 [[arg1]] [[item]]，你可以挨个计数，得到 [[arg1 * arg2]] [[item]]。实际上，你可以用乘法更快地得到答案。你只需要知道 [[arg2]] 组 [[arg1]] [[item]] 等于 [[arg1 * arg2]] [[item]]，或者 [[arg2]] 乘以 [[arg1]] 等于 [[arg1 * arg2]]。",,,
32,26,"<div class=""ex-text"" align=""center"">

$$

[[arg1]]÷[[arg2]] = [[arg1 // arg2]]

$$

</div>

$[[arg1]] ÷ [[arg2]] = [[arg1 // arg2]]$, which means that [[arg2]] fits into [[arg1]] [[getRep(arg1 // arg2)]]times.","<div class=""ex-text"" align=""center"">

$$

[[arg1]]÷[[arg2]] = [[arg1 // arg2]]

$$

</div>

$[[arg1]] ÷ [[arg2]] = [[arg1 // arg2]]$，这意味着[[arg1]]可以容纳[[arg2]][[getRep(arg1 // arg2)]]次。",,,
29,27,"<div class=""ex-text"">
There are [[arg1]] pencils and the teacher has to distribute these equally among [[arg2]] students.
How many pencils will each student get?

</div>

To distribute [[arg1]] pencils equally among [[arg2]] students, we can use division.

We can divide the total number of pencils $[[arg1]]$ by the number of students $[[arg2]]$ :

[[arg1]] pencils ÷ [[arg2]] students = [[arg1//arg2]] pencils per student

Therefore, each student will get $[[arg1]] ÷ [[arg2]] = [[arg1//arg2]]$ pencils.","<div class=""ex-text"">
有[[arg1]]支铅笔，老师需要将这些铅笔均匀分配给[[arg2]]名学生。
每个学生可以得到多少支铅笔？

</div>

为了将[[arg1]]支铅笔平均分配给[[arg2]]名学生，我们可以使用除法。

我们可以将铅笔的总数$[[arg1]]$除以学生的数量$[[arg2]]$：

[[arg1]]支铅笔 ÷ [[arg2]]名学生 = [[arg1//arg2]]支铅笔每名学生

因此，每个学生将得到$[[arg1]] ÷ [[arg2]] = [[arg1//arg2]]$支铅笔。",,,
17,28,"<div class=""ex-text"">

$$
[[arg1]] × [[arg2]]
$$

</div>

**Step 1:** In the below example first multiply the digit in units place
$$
\begin{array}{l r}
&[[arg1//10]]{\color{Salmon}{[[arg1 % 10]]}}\\
\times  &{\color{Salmon}[[arg2]]}\\
\hline
&{\color{Salmon}{[[arg1 % 10 *arg2]]}}\\
\end{array}
$$

**Step 2:** Next multiply digit in tens place
$$
\begin{array}{l r}
&{\color{Salmon}{[[arg1 // 10]]}}[[arg1 % 10]]\\
\times &{\color{Salmon}[[arg2]]}\\
\hline
&{\color{Salmon}{[[arg1 // 10* arg2]]}}{[[arg1 % 10 *arg2]]}\\
\end{array}
$$

So the answer is $[[arg1 // 10 * arg2]][[arg1 % 10 *arg2]]$.","<div class=""ex-text"">

$$
[[arg1]] × [[arg2]]
$$

</div>

**第 1 步：** 在下面的例子中，首先乘以个位数
$$
\begin{array}{l r}
&[[arg1//10]]{\color{Salmon}{[[arg1 % 10]]}}\\
\times  &{\color{Salmon}[[arg2]]}\\
\hline
&{\color{Salmon}{[[arg1 % 10 *arg2]]}}\\
\end{array}
$$

**第 2 步：** 接下来乘以十位数
$$
\begin{array}{l r}
&{\color{Salmon}{[[arg1 // 10]]}}[[arg1 % 10]]\\
\times &{\color{Salmon}[[arg2]]}\\
\hline
&{\color{Salmon}{[[arg1 // 10* arg2]]}}{[[arg1 % 10 *arg2]]}\\
\end{array}
$$

所以答案是 $[[arg1 // 10 * arg2]][[arg1 % 10 *arg2]]$.",,,
18,29,"<div class=""ex-text"" align=""center"">
$$
[[arg1]] ÷ [[arg2]]
$$

</div>

We can first divide the digit in tens place, and then divide the digit in units place.
$$
\begin{array}{r}
[[arg1//arg2]]\phantom{)}   \\
[[arg2]]{\overline{\smash{\big)}\,[[arg1]]\phantom{)}}}\\
\underline{-[[arg1//10//arg2*arg2]]\phantom{)0}}\\
[[arg1//arg2%10*arg2]]\phantom{)}\\
-[[arg1//arg2%10*arg2]]\phantom{)}\\
\overline{\phantom{)[[arg1 % 10]]}0\phantom{)}}\\
\end{array}
$$

So the answer is $[[arg1//arg2]]$.","<div class=""ex-text"" align=""center"">
$$
[[arg1]] ÷ [[arg2]]
$$

</div>

我们可以先对十位数字进行除法，然后对个位数字进行除法。
$$
\begin{array}{r}
[[arg1//arg2]]\phantom{)}   \\
[[arg2]]{\overline{\smash{\big)}\,[[arg1]]\phantom{)}}}\\
\underline{-[[arg1//10//arg2*arg2]]\phantom{)0}}\\
[[arg1//arg2%10*arg2]]\phantom{)}\\
-[[arg1//arg2%10*arg2]]\phantom{)}\\
\overline{\phantom{)[[arg1 % 10]]}0\phantom{)}}\\
\end{array}
$$

所以答案是 $[[arg1//arg2]]$。",,,
34,30,"<div class=""ex-text"">

A toy costs \$[[arg1]]. Mr.Joe has \$[[arg2]]. How many toys can he buy?


</div>

To find out how many toys Mr.Joe can buy, we can use division.

To divide [[arg1]] by [[arg2]], we can ask ourselves, ""How many groups of [[arg2]] are in [[arg1]]?"" Each group represents one toy that Mr. Joe can buy. We can count them like this:
[[arg2]] goes into [[arg1]] [[num2words_arg1_div_arg2]] times.
Therefore, Mr.Joe can buy $[[arg1]] ÷ [[arg2]] = [[arg1//arg2]]$ toys.
</div>
</div>","<div class=""ex-text"">

一个玩具的价格是 \$[[arg1]]。乔先生有 \$[[arg2]]。他能买几个玩具？

</div>

为了算出乔先生能买多少个玩具，我们可以使用除法。

要将 [[arg1]] 除以 [[arg2]]，那么，“在 [[arg1]] 中有多少组 [[arg2]]？” 每组代表乔先生能买一个玩具。我们可以这样计算：
[[arg2]] 进入 [[arg1]] [[num2words_arg1_div_arg2]] 次。
因此，乔先生能买 $[[arg1]] ÷ [[arg2]] = [[arg1//arg2]]$ 个玩具。
</div>
</div>",,,
36,31,"<div class=""ex-text"">

$$
[[arg1]] × [[arg2]]
$$

</div>

**Step 1:** First compare the numbers,[[arg1]]  has more digits than [[arg2]], first place the bigger number and then second number.

$$
\begin{array}{l r}
& {\color{#21ABCD}tens}\:\:\:{\color{#8DB600}ones}\\
&{\color{#21ABCD}[[arg1//10]]}\:\:\:\:\:\:\:\:\:\:{\color{#8DB600}[[arg1%10]]}\:\:\:\\
×&{\color{#21ABCD}}\:\:\:\:\:\:\:\:\:\:{\color{#8DB600}[[arg2]]}\:\:\:\\
\hline
\end{array}
$$


**Step 2:** Next multiply [[arg2]] by [[arg1 % 10]] (the ones place of the first number), and the product is [[arg1 % 10*arg2]] which is greater than 9, so carry [[arg1 % 10*arg2//10]] tens to the tens place column.

$$
\begin{array}{l r}
& \tiny[[arg1%10*arg2//10]]\:\:\:\:\\[-3pt]
&[[arg1//10]]{\color{Salmon}[[arg1%10]]}\\
×&{\color{Salmon}[[arg2]]}\\
\hline
& {\color{Salmon}[[arg1%10*arg2%10]]}\\
\end{array}
$$

**Step 3:** Now, multiply [[arg2]] by [[arg1//10]] (the tens place of the first number).

$$
\begin{array}{l r}
& \tiny[[arg1%10*arg2//10]]\:\:\:\:\\[-3pt]
&{\color{Salmon}[[arg1//10]]}[[arg1%10]]\\
×&{\color{Salmon}[[arg2]]}\\
\hline
&[[arg1%10*arg2%10]]\\
&{\color{Salmon}[[arg1//10*arg2]]}\phantom{0}\\
\hline
\end{array}
$$

**Step 4:** Finally, add the carryover.

$$
\begin{array}{l r}
& {\color{Salmon}\tiny[[arg1%10*arg2//10]]}\:\:\:\\[-3pt]
&[[arg1]]\\
×&[[arg2]]\\
\hline
&[[arg1%10*arg2%10]]\\
&{\color{Salmon}[[arg1//10*arg2]]}\phantom{0}\\
\hline
&{\color{Salmon}[[arg1//10*arg2 + arg1% 10*arg2//10]]}[[arg1%10*arg2%10]]
\end{array}
$$

So the answer is $[[arg1*arg2]]$.","<div class=""ex-text"">

$$
[[arg1]] × [[arg2]]
$$

</div>

**步骤 1:** 首先比较数字，[[arg1]] 的位数比 [[arg2]] 多，先放置较大的数字，然后放置第二个数字。

$$
\begin{array}{l r}
& {\color{#21ABCD}十位}\:\:\:{\color{#8DB600}个位}\\
&{\color{#21ABCD}[[arg1//10]]}\:\:\:\:\:\:\:\:\:\:{\color{#8DB600}[[arg1%10]]}\:\:\:\\
×&{\color{#21ABCD}}\:\:\:\:\:\:\:\:\:\:{\color{#8DB600}[[arg2]]}\:\:\:\\
\hline
\end{array}
$$


**步骤 2:** 接下来将 [[arg2]] 乘以 [[arg1 % 10]] （第一个数字的个位），得到的积是 [[arg1 % 10*arg2]]，如果大于 9，则进位 [[arg1 % 10*arg2//10]] 十位到十位列。

$$
\begin{array}{l r}
& \tiny[[arg1%10*arg2//10]]\:\:\:\:\\[-3pt]
&[[arg1//10]]{\color{Salmon}[[arg1%10]]}\\
×&{\color{Salmon}[[arg2]]}\\
\hline
& {\color{Salmon}[[arg1%10*arg2%10]]}\\
\end{array}
$$

**步骤 3:** 现在，将 [[arg2]] 乘以 [[arg1//10]] （第一个数字的十位）。

$$
\begin{array}{l r}
& \tiny[[arg1%10*arg2//10]]\:\:\:\:\\[-3pt]
&{\color{Salmon}[[arg1//10]]}[[arg1%10]]\\
×&{\color{Salmon}[[arg2]]}\\
\hline
&[[arg1%10*arg2%10]]\\
&{\color{Salmon}[[arg1//10*arg2]]}\phantom{0}\\
\hline
\end{array}
$$

**步骤 4:** 最后，加上进位。

$$
\begin{array}{l r}
& {\color{Salmon}\tiny[[arg1%10*arg2//10]]}\:\:\:\\[-3pt]
&[[arg1]]\\
×&[[arg2]]\\
\hline
&[[arg1%10*arg2%10]]\\
&{\color{Salmon}[[arg1//10*arg2]]}\phantom{0}\\
\hline
&{\color{Salmon}[[arg1//10*arg2 + arg1% 10*arg2//10]]}[[arg1%10*arg2%10]]
\end{array}
$$

所以答案是 $[[arg1*arg2]]$.",,,
31,32,"<div class=""ex-text"">

$$
[[arg1]] ÷ [[arg2]]
$$

</div>

Divide each number or find the quotient


**Step 1:** First we ask ourselves: how many times can [[arg2]] fit into [[arg1]]? The answer is [[arg1//arg2]]. So, we can write [[arg1//arg2]] above the digit [[arg1 %10]], like this:

$$
\begin{array}{r}
[[arg1//arg2]]\phantom{)}   \\
[[arg2]]{\overline{\smash{\big)}\,[[arg1]]\phantom{)}}}\\
\end{array}
$$

**Step 2:** Now, we need to multiply $[[arg1//arg2]]$ by [[arg2]] to get [[arg1//arg2 * arg2]], and write the result underneath the [[arg1]]:
$$
\begin{array}{r}
{\color{Salmon}[[arg1//arg2]]}\phantom{)}   \\
{\color{Salmon}[[arg2]]}{\overline{\smash{\big)}\,[[arg1]]\phantom{)}}}\\
\underline{{\color{Salmon}-[[arg1//arg2  * arg2]]}\phantom{)}}\\
[[arg1 - arg1//arg2  * arg2]]\phantom{)}\\
\end{array}
$$

So the quotient is [[arg1//arg2]] and the remainder is $[[arg1 %arg2]]$.
</div>
</div>","<div class=""ex-text"">

$$
[[arg1]] ÷ [[arg2]]
$$

</div>

除以每个数字或找出商

**步骤 1：** 首先我们问自己：[[arg1]] 可以容纳 [[arg2]] 几次？答案是 [[arg1//arg2]]。因此，我们可以将 [[arg1//arg2]] 写在数字 [[arg1 %10]] 的上方，如下所示：

$$
\begin{array}{r}
[[arg1//arg2]]\phantom{)}   \\
[[arg2]]{\overline{\smash{\big)}\,[[arg1]]\phantom{)}}}\\
\end{array}
$$

**步骤 2：** 现在，我们需要将 $[[arg1//arg2]]$ 乘以 [[arg2]] 得到 [[arg1//arg2 * arg2]]，并将结果写在 [[arg1]] 下方：
$$
\begin{array}{r}
{\color{Salmon}[[arg1//arg2]]}\phantom{)}   \\
{\color{Salmon}[[arg2]]}{\overline{\smash{\big)}\,[[arg1]]\phantom{)}}}\\
\underline{{\color{Salmon}-[[arg1//arg2  * arg2]]}\phantom{)}}\\
[[arg1 - arg1//arg2  * arg2]]\phantom{)}\\
\end{array}
$$

所以商是 [[arg1//arg2]]，余数是 $[[arg1 %arg2]]$。
</div>",,,
30,33,"<div class=""ex-text"">

$$
\frac{[[arg1]]}{[[arg2]]}
$$

</div>

$[[arg1]]$ is the numerator and $[[arg2]]$ is denominator.","<div class=""ex-text"">

$$
\frac{[[arg1]]}{[[arg2]]}
$$

</div>

$[[arg1]]$ 是分子，$[[arg2]]$ 是分母。",,,
27,34,"<div class=""ex-text"">

$$
[[arg1]] × [[arg2]]
$$

</div>

**Step 1:** [[compare_nums_statement]]

$$
\begin{array}{l r}
& {\color{#21ABCD}tens}\:\:\:{\color{#8DB600}ones}\\
&{\color{#21ABCD}[[large_num//10]]}\:\:\:\:\:\:\:\:\:\:{\color{#8DB600}[[large_num%10]]}\:\:\:\\
×&{\color{#21ABCD}[[small_num//10]]}\:\:\:\:\:\:\:\:\:\:{\color{#8DB600}[[small_num%10]]}\:\:\:\\
\hline
\end{array}
$$

**Step 2:** Multiply the multiplicand with the ones digit of the multiplier. Place those digits under the line.

$$
\begin{array}{l r}
&{\color{Salmon}[[large_num]]}\\
×&[[small_num//10]]{\color{Salmon}[[small_num%10]]}\\
\hline
& {\color{Salmon}[[small_num%10*large_num]]}\\
\end{array}
$$

**Step 3:** Next multiply the multiplicand with the tens digit of multiplier. Place those under the ones digit value .

$$
\begin{array}{l r}
&{\color{Salmon}[[large_num]]}\\
×&{\color{Salmon}[[small_num//10]]}[[small_num%10]]\\
\hline
&[[small_num%10*large_num]]\\
&{\color{Salmon}[[small_num//10*large_num]]}\phantom{0}\\
\hline
\end{array}
$$

**Step 4:** Finally, adding those digits will get the product.

$$
\begin{array}{l r}
&[[large_num]]\\
×&[[small_num]]\\
\hline
&{\color{Salmon}[[small_num%10*large_num]]}\\
+&{\color{Salmon}[[small_num//10*large_num]]}\phantom{0}\\
\hline
&{\color{Salmon}[[large_num*small_num]]}
\end{array}
$$

So the answer is $[[arg1*arg2]]$.
</div>
</div>","<div class=""ex-text"">

$$
[[arg1]] × [[arg2]]
$$

</div>

**步骤 1:** [[compare_nums_statement]]

$$
\begin{array}{l r}
& {\color{#21ABCD}十位}\:\:\:{\color{#8DB600}个位}\\
&{\color{#21ABCD}[[large_num//10]]}\:\:\:\:\:\:\:\:\:\:{\color{#8DB600}[[large_num%10]]}\:\:\:\\
×&{\color{#21ABCD}[[small_num//10]]}\:\:\:\:\:\:\:\:\:\:{\color{#8DB600}[[small_num%10]]}\:\:\:\\
\hline
\end{array}
$$

**步骤 2:** 将被乘数与乘数的个位数相乘。将这些数字写在横线下。

$$
\begin{array}{l r}
&{\color{Salmon}[[large_num]]}\\
×&[[small_num//10]]{\color{Salmon}[[small_num%10]]}\\
\hline
& {\color{Salmon}[[small_num%10*large_num]]}\\
\end{array}
$$

**步骤 3:** 接下来，将被乘数与乘数的十位数相乘。将这些数字写在个位数值下。

$$
\begin{array}{l r}
&{\color{Salmon}[[large_num]]}\\
×&{\color{Salmon}[[small_num//10]]}[[small_num%10]]\\
\hline
&[[small_num%10*large_num]]\\
&{\color{Salmon}[[small_num//10*large_num]]}\phantom{0}\\
\hline
\end{array}
$$

**步骤 4:** 最后，将这些数字相加即可得到。

$$
\begin{array}{l r}
&[[large_num]]\\
×&[[small_num]]\\
\hline
&{\color{Salmon}[[small_num%10*large_num]]}\\
+&{\color{Salmon}[[small_num//10*large_num]]}\phantom{0}\\
\hline
&{\color{Salmon}[[large_num*small_num]]}
\end{array}
$$

所以，答案是 $[[arg1*arg2]]$。
</div>
</div>",,,
26,35,"<div class=""ex-text"">

$$
[[arg1]] ÷ [[arg2]]
$$


Divide each number or find the quotient

</div>

**Step 1:** First we ask ourselves: how many times can [[arg2]] fit into [[arg1]]? The answer is [[arg1//arg2]]. So, we can write [[arg1//arg2]] above the digit [[arg1]] , then we multiply [[arg1//arg2]] by [[arg2]]
 to get [[arg1//arg2*arg2]] , and write the result underneath the [[arg1]]:

$$
\begin{array}{r}
{\color{Salmon}[[arg1//arg2]]}\phantom{)}   \\
{\color{Salmon}[[arg2]]}{\overline{\smash{\big)}\,[[arg1]] \phantom{)}}}\\
\underline{{\color{Salmon}-[[arg1//arg2*arg2]]}\phantom{)}}\\
[[arg1 - arg1//arg2*arg2]]\phantom{)}\\
\end{array}
$$

So the quotient is $[[arg1//arg2]]$ and the remainder is $[[arg1 - arg1//arg2*arg2]]$.","<div class=""ex-text"">

$$
[[arg1]] ÷ [[arg2]]
$$


将每个数字相除或找到商

</div>

**步骤 1:** 我们首先要问自己：[[arg1]] 可以容纳 [[arg2]] 几次？答案是 [[arg1//arg2]]。因此，我们可以把 [[arg1//arg2]] 写在数字 [[arg1]] 上方，然后我们将 [[arg1//arg2]] 乘以 [[arg2]] 得到 [[arg1//arg2*arg2]]，并把结果写在 [[arg1]] 的下面：

$$
\begin{array}{r}
{\color{Salmon}[[arg1//arg2]]}\phantom{)}   \\
{\color{Salmon}[[arg2]]}{\overline{\smash{\big)}\,[[arg1]] \phantom{)}}}\\
\underline{{\color{Salmon}-[[arg1//arg2*arg2]]}\phantom{)}}\\
[[arg1 - arg1//arg2*arg2]]\phantom{)}\\
\end{array}
$$

所以商是 $[[arg1//arg2]]$，余数是 $[[arg1 - arg1//arg2*arg2]]$。",,,
28,36,"<div class=""ex-text"">

$$
\frac{[[arg1]]}{[[arg2]]}
$$

</div>

[[fractions_statement(arg1, arg2)]]","<div class=""ex-text"">

$$
\frac{[[arg1]]}{[[arg2]]}
$$

</div>

[[fractions_statement(arg1, arg2)]]",,,
59,38,"<div class=""ex-text"" align=""center"">

$[[arg1]] \div [[arg2]] =?$
</div>

When you solve division questions, you work in reverse. You begin with the **largest** place value first, in this case, the **hundreds** place.

[[step0_statement]]
[[step1_statement]]
[[step2_statement]]
[[step3_statement]]
[[step4_statement]]

<div class=""ex-text"" align=""center"">

${\color{#8DB600}Divisor}$ × ${\color {Salmon}Quotient}$ + ${\color{#21ABCD}Remainder}$ = ${\color{#C4A680}Dividend}$
$$

[[arg2]] \times [[arg1//arg2]]  + [[arg1%arg2]] = [[arg1//arg2*arg2]] + [[arg1%arg2]] = [[arg1]]
$$
</div>","<div class=""ex-text"" align=""center"">

$[[arg1]] \div [[arg2]] =?$
</div>

当你解决除法问题时，你需要从左到右进行运算。你首先从**最大**的位值开始，在这种情况下是**百位**。

[[step0_statement]]
[[step1_statement]]
[[step2_statement]]
[[step3_statement]]
[[step4_statement]]

<div class=""ex-text"" align=""center"">

${\color{#8DB600}除数}$ × ${\color {Salmon}商}$ + ${\color{#21ABCD}余数}$ = ${\color{#C4A680}被除数}$
$$

[[arg2]] \times [[arg1//arg2]]  + [[arg1%arg2]] = [[arg1//arg2*arg2]] + [[arg1%arg2]] = [[arg1]]
$$
</div>",,,
23,39,"Write the simplified form of the fraction $\large\frac{[[arg1]]}{[[arg2]]}$

**Step 1:** List all the numbers that divide the numerator and denominator completely, meaning without leaving any remainder.

$$
\begin{aligned}
&[[arg1]]: [[num_divisors]] \\
&[[arg2]]: [[denom_divisors]] \\
\end{aligned}
$$

**Step 2:** Identify the common factors of both the numerator and denominator.

$$
\begin{aligned}
&[[arg1]]: \bold{[[common_divs]]} \\
&[[arg2]]: \bold{[[common_divs]]} \\
\end{aligned}
$$
**Step 3:** The greatest common divisor (GCD) of two integers is the largest integer that divides each of the integers evenly. We have to divide the numerator and denominator by the largest common factor in this step.

$$
 \frac{[[arg1]]\color{Salmon}\div[[gcd]]}{[[arg2]]\color{Salmon}\div[[gcd]]} = \frac{{\color{salmon}[[simplified_numerator]]}}{{\color{salmon}[[simplified_denominator]]}}
$$

Therefore, the lowest term of $\large\frac{{[[arg1]]}}{{[[arg2]]}}$ is $\large\frac{{[[simplified_numerator]]}}{{[[simplified_denominator]]}}$.","将分数 $\large\frac{[[arg1]]}{[[arg2]]}$ 的简化形式写出来

**步骤 1：** 列出所有可以完全整除分子和分母的数字，也就是说没有留下任何余数。

$$
\begin{aligned}
&[[arg1]]: [[num_divisors]] \\
&[[arg2]]: [[denom_divisors]] \\
\end{aligned}
$$

**步骤 2：** 确定分子和分母的共同因子。

$$
\begin{aligned}
&[[arg1]]: \bold{[[common_divs]]} \\
&[[arg2]]: \bold{[[common_divs]]} \\
\end{aligned}
$$
**步骤 3：** 两个整数的最大公约数（GCD）是能够整除这两个整数的最大整数。我们必须在这一步中将分子和分母除以最大公因子。

$$
 \frac{[[arg1]]\color{Salmon}\div[[gcd]]}{[[arg2]]\color{Salmon}\div[[gcd]]} = \frac{{\color{salmon}[[simplified_numerator]]}}{{\color{salmon}[[simplified_denominator]]}}
$$

因此，$\large\frac{{[[arg1]]}}{{[[arg2]]}}$ 的最简形式是 $\large\frac{{[[simplified_numerator]]}}{{[[simplified_denominator]]}}$。",,,
62,41,"<div class=""ex-text"" align=""center"">

$[[arg1]] \div [[arg2]] =?$
</div>

When you solve division questions, you work in reverse. You begin with the **largest** place value.
When you come across a step in a long division where the divisor is larger than the current working dividend, you need to put a zero in the quotient.

$$
\begin{aligned}
&\underline{\text{ }\text{ }\text{ }\text{ }\text{ }\text{ }\small\:\:\:}\\[-5pt]
[[arg2]]&\big)[[arg1]]\\[-4pt]
\end{aligned}
\:\:\:\longrightarrow    \:\:
\begin{aligned}
&\underline{\text{ }\:\!\:{\color {Salmon}0}\text{ }\text{ }\small\:\:\:}\\[-5pt]
[[arg2]]&\big)[[arg1]]\\[-4pt]
\end{aligned}
$$

**Step 1:**
The short way to think is this: How many [[arg2]]s are there in [[arg1//100]]? Since the answer is 0, we move on to the next place value.

**Step 1.1:** How many [[arg2]]s are there in [[arg1//100]]? We estimate [[arg1//100//arg2]] and write it above the tens' place.
$$
\begin{aligned}
&\underline{\text{ }\:0\text{ }\text{ }\:\:\small\:\:\:}\\[-5pt]
[[arg2]]&\big)[[arg1]]\\[-4pt]
\end{aligned}
\:\:\:\longrightarrow    \:\:
\begin{aligned}
&\underline{\text{ }\:0{\color {Salmon}[[arg1//100//arg2]]}\text{ }\text{ }\:\:\small\:\:\:}\\[-5pt]
[[arg2]]&\big)[[arg1]]\\[-4pt]
\end{aligned}
$$

[[step2_statement]]
[[step3_statement]]
[[step4_statement]]

${\color{#8DB600}Divisor}$ × ${\color {Salmon}Quotient}$ + ${\color{#21ABCD}Remainder}$ = ${\color{#C4A680}Dividend}$

$$
[[arg1//arg2]] \times [[arg2]] + [[arg1%arg2]] = [[arg1]]
$$

</div>","<div class=""ex-text"" align=""center"">

$[[arg1]] \div [[arg2]] =?$
</div>

当你解决除法问题时，你是从左到右进行计算的。你从**最高**位开始。
当你在长除法中遇到除数大于当前工作被除数的步骤时，你需要在商中填入一个零。

$$
\begin{aligned}
&\underline{\text{ }\text{ }\text{ }\text{ }\text{ }\text{ }\small\:\:\:}\\[-5pt]
[[arg2]]&\big)[[arg1]]\\[-4pt]
\end{aligned}
\:\:\:\longrightarrow    \:\:
\begin{aligned}
&\underline{\text{ }\:\!\:{\color {Salmon}0}\text{ }\text{ }\small\:\:\:}\\[-5pt]
[[arg2]]&\big)[[arg1]]\\[-4pt]
\end{aligned}
$$

**步骤 1:**
简短的思考方式是：在 [[arg1//100]] 中有多少个 [[arg2]]？由于答案是 0，我们继续到下一个位值。

**步骤 1.1:** 在 [[arg1//100]] 中有多少个 [[arg2]]？我们估算 [[arg1//100//arg2]] 并将其写在十位上方。
$$
\begin{aligned}
&\underline{\text{ }\:0\text{ }\text{ }\:\:\small\:\:\:}\\[-5pt]
[[arg2]]&\big)[[arg1]]\\[-4pt]
\end{aligned}
\:\:\:\longrightarrow    \:\:
\begin{aligned}
&\underline{\text{ }\:0{\color {Salmon}[[arg1//100//arg2]]}\text{ }\text{ }\:\:\small\:\:\:}\\[-5pt]
[[arg2]]&\big)[[arg1]]\\[-4pt]
\end{aligned}
$$

[[step2_statement]]
[[step3_statement]]
[[step4_statement]]

${\color{#8DB600}除数}$ × ${\color {Salmon}商}$ + ${\color{#21ABCD}余数}$ = ${\color{#C4A680}被除数}$

$$
[[arg1//arg2]] \times [[arg2]] + [[arg1%arg2]] = [[arg1]]
$$

</div>",,,
39,42,"Write the simplified form of the fraction $\large\frac{[[arg1]]}{[[arg2]]}$

**Step 1:** List all the numbers that divide the numerator and denominator completely, meaning without leaving any remainder.

$$
\begin{aligned}
&[[arg1]]: [[num_divisors]] \\
&[[arg2]]: [[denom_divisors]] \\
\end{aligned}
$$
**Step 2:** Identify the common factors of both the numerator and denominator.

$$
\begin{aligned}
&[[arg1]]: \bold{[[common_divs]]} \\
&[[arg2]]: \bold{[[common_divs]]} \\
\end{aligned}
$$
**Step 3:** The greatest common divisor (GCD) of two integers is the largest integer that divides each of the integers evenly. We have to divide the numerator and denominator by the largest common factor in this step.

$$
 \frac{[[arg1]]\color{Salmon}\div[[gcd]]}{[[arg2]]\color{Salmon}\div[[gcd]]} = \frac{{\color{salmon}[[simplified_numerator]]}}{{\color{salmon}[[simplified_denominator]]}}
$$

Therefore, the lowest term of $\large\frac{{[[arg1]]}}{{[[arg2]]}}$ is $\large\frac{{[[simplified_numerator]]}}{{[[simplified_denominator]]}}$.","将分数 $\large\frac{[[arg1]]}{[[arg2]]}$ 化简。

**步骤 1:** 列出所有可以整除分子和分母的数字，也就是说，不留任何余数。

$$
\begin{aligned}
&[[arg1]]: [[num_divisors]] \\
&[[arg2]]: [[denom_divisors]] \\
\end{aligned}
$$
**步骤 2:** 确定分子和分母的共同因子。

$$
\begin{aligned}
&[[arg1]]: \bold{[[common_divs]]} \\
&[[arg2]]: \bold{[[common_divs]]} \\
\end{aligned}
$$
**步骤 3:** 两个整数的最大公约数 (GCD) ，即可以整除这两个整数的最大整数。在这一步中，我们要用最大的公因子分母和分子。

$$
 \frac{[[arg1]]\color{Salmon}\div[[gcd]]}{[[arg2]]\color{Salmon}\div[[gcd]]} = \frac{{\color{salmon}[[simplified_numerator]]}}{{\color{salmon}[[simplified_denominator]]}}
$$

因此，$\large\frac{{[[arg1]]}}{{[[arg2]]}}$ 的最简形式为 $\large\frac{{[[simplified_numerator]]}}{{[[simplified_denominator]]}}$。",,,
42,43,"<div class=""ex-text"" align=""center"">

$\frac{[[arg1]]}{[[arg2]]} =?$

</div>

We start by placing the divisor, [[arg2]]. Outside the division bracket, and the dividend, [[arg1]].

$$
\begin{aligned}
&\underline{\text{ }\text{ }\text{ }\text{ }\text{ }\small}\\[-5pt]
[[arg2]]&\big)[[arg1]]\\[-4pt]
\end{aligned}
$$

**Step 1:** We notice that [[arg1]] can't be divided evenly by [[arg2]], which means our answer will be a number smaller than 1. Since we can't find a whole number answer for this problem, we need to add a decimal point and a zero after [[arg1]] to make it [[float_arg1]]. Similarly, we add a decimal point to the quotient.
$$
\begin{aligned}
&\underline{\text{ }\text{ }\text{ }\text{ }\text{ }\small}\\[-5pt]
[[arg2]]&\big)[[arg1]]\\[-4pt]
\end{aligned}
\:\:\:\longrightarrow    \:\:
\begin{aligned}
&\underline{\:\:{\color {Salmon} 0}{\color {Salmon}.}\:\:\:\:}\\[-5pt]
[[arg2]]&\big)[[arg1]]{\color {Salmon}.}{\color {Salmon}0}\\[-4pt]
\end{aligned}
$$

**Step 2:** To make it easier to understand and calculate, we treat '[[float_arg1]]' as '[[arg1*10]]' when dividing. How many times does [[arg2]] go into [[arg1*10]]? $[[arg2]]\times[[arg1*10//arg2]] = [[arg1*10//arg2*arg2]]$, we place the number [[arg1*10//arg2]] in the quotient, next to the decimal point. We then write [[arg1*10//arg2*arg2]] below the dividend and subtract to get the remainder, which is [[arg1*10%arg2]].
$$
\begin{aligned}
&\underline{\:\:0.\:\:\:\:}\\[-5pt]
[[arg2]]&\big)[[float_arg1]]\\[-4pt]
\end{aligned}
\:\:\:\longrightarrow    \:\:
\begin{aligned}
&\underline{\:\,0.{\color {Salmon} [[arg1*10//arg2]] }\:}\\[-5pt]
[[arg2]]&\big)[[arg1]]\:0\\[-4pt]
-&{\:\:{\color {Salmon} [[arg1*10//arg2*arg2//10]]}{\:\:\!\color {Salmon} [[arg1*10//arg2*arg2%10]]}\:\:}\\[-4pt]
\hline
&\text{ }\:\:\:{\:\:\!\color {Salmon} [[arg1*10%arg2]]}\\[-4pt]
\end{aligned}
$$

[[step3_statement]]
[[step4_statement]]","<div class=""ex-text"" align=""center"">

$\frac{[[arg1]]}{[[arg2]]} =?$

</div>

我们首先将除数[[arg2]]放在除法括号外，将被除数[[arg1]]放在括号内。

$$
\begin{aligned}
&\underline{\text{ }\text{ }\text{ }\text{ }\text{ }\small}\\[-5pt]
[[arg2]]&\big)[[arg1]]\\[-4pt]
\end{aligned}
$$

**步骤 1:** 我们注意到[[arg1]]无法被[[arg2]]整除，这意味着答案将是小于1的数字。由于不能为这个问题找到一个整数答案，我们需要在[[arg1]]后面添加一个小数点和一个零，使其变为[[float_arg1]]。同样，我们也在商的后面添加一个小数点。
$$
\begin{aligned}
&\underline{\text{ }\text{ }\text{ }\text{ }\text{ }\small}\\[-5pt]
[[arg2]]&\big)[[arg1]]\\[-4pt]
\end{aligned}
\:\:\:\longrightarrow    \:\:
\begin{aligned}
&\underline{\:\:{\color {Salmon} 0}{\color {Salmon}.}\:\:\:\:}\\[-5pt]
[[arg2]]&\big)[[arg1]]{\color {Salmon}.}{\color {Salmon}0}\\[-4pt]
\end{aligned}
$$

**步骤 2:** 为了更容易理解和计算，我们在除法时将'[[float_arg1]]'视为'[[arg1*10]]'。[[arg2]]能整除[[arg1*10]]多少次？$[[arg2]]\times[[arg1*10//arg2]] = [[arg1*10//arg2*arg2]]$，我们将数字[[arg1*10//arg2]]放在商的旁边的小数点后面。然后我们将[[arg1*10//arg2*arg2]]写在被除数下方并进行减法以获得余数，即[[arg1*10%arg2]]。
$$
\begin{aligned}
&\underline{\:\:0.\:\:\:\:}\\[-5pt]
[[arg2]]&\big)[[float_arg1]]\\[-4pt]
\end{aligned}
\:\:\:\longrightarrow    \:\:
\begin{aligned}
&\underline{\:\,0.{\color {Salmon} [[arg1*10//arg2]] }\:}\\[-5pt]
[[arg2]]&\big)[[arg1]]\:0\\[-4pt]
-&{\:\:{\color {Salmon} [[arg1*10//arg2*arg2//10]]}{\:\:\!\color {Salmon} [[arg1*10//arg2*arg2%10]]}\:\:}\\[-4pt]
\hline
&\text{ }\:\:\:{\:\:\!\color {Salmon} [[arg1*10%arg2]]}\\[-4pt]
\end{aligned}
$$

[[step3_statement]]
[[step4_statement]]",,,
60,44,"<div class=""ex-text"" align=""center"">
[[arg1]] + [[arg2]]
</div>

**Step 1:** Align each decimal number, making sure to line up the **decimal points**. Let's start by writing the number [[arg1]] and below it write the number [[arg2]].
$$
\begin{array}{l l}
& [[arg1]] \phantom{0} \\
+& [[arg2]] \phantom{0} \\
\hline
\end{array}
$$

[[step2_statement]]
[[step3_statement]]
[[step4_statement]]
[[step5_statement]]
Therefore, the final solution is [[get_round_decimal(arg1,arg2)]].
</div>","<div class=""ex-text"" align=""center"">
[[arg1]] + [[arg2]]
</div>

**步骤 1：** 对齐每个小数，确保**小数点**对齐。我们先写下数字 [[arg1]]，然后在下面写上数字 [[arg2]]。
$$
\begin{array}{l l}
& [[arg1]] \phantom{0} \\
+& [[arg2]] \phantom{0} \\
\hline
\end{array}
$$

[[step2_statement]]
[[step3_statement]]
[[step4_statement]]
[[step5_statement]]
因此，最终的解是 [[get_round_decimal(arg1,arg2)]]。
</div>",,,
61,45,"<div class=""ex-text"" align=""center"">
[[arg1]] - [[arg2]]
</div>

**Step 1:** Align each decimal number, making sure to line up the **decimal points**. Let's start by writing the number  [[arg1]]  and below it write the number  [[arg2]].
$$
\begin{array}{l l}
&0{\color {Salmon} .}[[int_arg1]]\\
-&[[arg2]] \\
\hline
\end{array}
$$

[[step2_statement]]
[[step3_statement]]
[[step4_statement]]
[[step5_statement]]

Therefore, the final solution is [[get_round_decimal(arg1,arg2)]].
</div>","<div class=""ex-text"" align=""center"">
[[arg1]] - [[arg2]]
</div>

**步骤 1：** 对齐每个十进制数字，确保 **小数点** 对齐。我们先写下数字 [[arg1]]，然后在下面写下数字 [[arg2]]。
$$
\begin{array}{l l}
&0{\color {Salmon} .}[[int_arg1]]\\
-&[[arg2]] \\
\hline
\end{array}
$$

[[step2_statement]]
[[step3_statement]]
[[step4_statement]]
[[step5_statement]]

因此，最终解是 [[get_round_decimal(arg1,arg2)]]。
</div>",,,
57,46,"<div class=""ex-text"" align=""center"">

$[[arg1]] = \underline{\quad}\%$

</div>

**Step 1:** To convert a decimal to a percent, we simply multiply the number by 100. In this case, we have [[arg1]]. When we multiply it by 100, it becomes [[arg1*100]].

$$
[[arg1]] \times 100 =[[int_arg1]]
$$
**Step 2:** Then we add the percentage symbol **%** to the result. And we read as ""[[int_arg1]] percent"".

$$
[[int_arg1]]
\:\:\:\longrightarrow    \:\:
[[int_arg1]]\%
$$","<div class=""ex-text"" align=""center"">

$[[arg1]] = \underline{\quad}\%$

</div>

**步骤 1：** 要将小数转换为百分数，我们只需将数字乘以 100。在这种情况下，我们有 [[arg1]]。当我们将其乘以 100 时，它变为 [[arg1*100]]。

$$
[[arg1]] \times 100 = [[int_arg1]]
$$
**步骤 2：** 然后我们将百分号 **%** 加到结果上。我们读作 ""百分之[[int_arg1]]""。

$$
[[int_arg1]]
\:\:\:\longrightarrow    \:\:
[[int_arg1]]\%
$$",,,s
55,47,"<div class=""ex-text"" align=""center"">

$\frac{[[arg1]]}{[[arg2]]} =?$

</div>

**Step 1:** Divide the numerator by the denominator. [[arg1]] divided by [[arg2]] equals $[[arg1//arg2]]$ with a remainder of $[[arg1 %arg2]]$.

$$
\begin{aligned}
&\underline{\text{ }\text{ }\text{ }\text{ }\text{ }\small}\\[-5pt]
[[arg2]]&\big)[[arg1]]\\[-4pt]
\end{aligned}
\:\:\:\longrightarrow    \:\:
\begin{aligned}
&\underline{\:\:{\color {Salmon} [[arg1//arg2]]}\:\:}\\[-5pt]
[[arg2]]&\big)[[arg1]]\:\\[-4pt]
-&{\:\:[[arg1//arg2  * arg2]]\:\:\,}\\[-4pt]
\hline
&\:\:{\color {Salmon} [[arg1 - arg1//arg2 *arg2]]}\\[-4pt]
\end{aligned}
$$

**Step 2:** Then write the whole number answer next to a fraction with the remainder in the numerator and the original denominator.

$$
\begin{aligned}
&\underline{\:\:{\color {Salmon} [[arg1//arg2]]}\:\:}\\[-5pt]
[[arg2]]&\big)[[arg1]]\:\\[-4pt]
-&{\:\:[[arg1//arg2  * arg2]]\:\:\,}\\[-4pt]
\hline
&\:\:{\color {Salmon} [[arg1 - arg1//arg2 *arg2]]}\\[-4pt]
\end{aligned}
\:\:\:\longrightarrow    \:\:
{\color {Salmon} [[arg1//arg2]]}\frac{{\color {Salmon} [[arg1 - arg1//arg2*arg2]]}}{[[arg2]]}
$$
Therefore, the final solution is $[[arg1//arg2]]\large\frac{[[arg1 - arg1//arg2*arg2]]}{[[arg2]]}$.
</div>
</div>","<div class=""ex-text"" align=""center"">

$\frac{[[arg1]]}{[[arg2]]} =?$

</div>

**步骤 1：** 将分子除以分母。[[arg1]] 除以 [[arg2]] 等于 $[[arg1//arg2]]$，余数为 $[[arg1 %arg2]]$。

$$
\begin{aligned}
&\underline{\text{ }\text{ }\text{ }\text{ }\text{ }\small}\\[-5pt]
[[arg2]]&\big)[[arg1]]\\[-4pt]
\end{aligned}
\:\:\:\longrightarrow    \:\:
\begin{aligned}
&\underline{\:\:{\color {Salmon} [[arg1//arg2]]}\:\:}\\[-5pt]
[[arg2]]&\big)[[arg1]]\:\\[-4pt]
-&{\:\:[[arg1//arg2  * arg2]]\:\:\,}\\[-4pt]
\hline
&\:\:{\color {Salmon} [[arg1 - arg1//arg2 *arg2]]}\\[-4pt]
\end{aligned}
$$

**步骤 2：** 然后将整数答案写在余数在分子、原始分母在分母的分数旁边。

$$
\begin{aligned}
&\underline{\:\:{\color {Salmon} [[arg1//arg2]]}\:\:}\\[-5pt]
[[arg2]]&\big)[[arg1]]\:\\[-4pt]
-&{\:\:[[arg1//arg2  * arg2]]\:\:\,}\\[-4pt]
\hline
&\:\:{\color {Salmon} [[arg1 - arg1//arg2 *arg2]]}\\[-4pt]
\end{aligned}
\:\:\:\longrightarrow    \:\:
{\color {Salmon} [[arg1//arg2]]}\frac{{\color {Salmon} [[arg1 - arg1//arg2*arg2]]}}{[[arg2]]}
$$
因此，最终解是 $[[arg1//arg2]]\large\frac{[[arg1 - arg1//arg2*arg2]]}{[[arg2]]}$。
</div>
</div>",,,
3,48,"<div class=""ex-text"" align=""center"">

$[[arg1]]\frac{[[arg2]]}{[[arg3]]} =?$

</div>

**Step 1:** Multiply the denominator (the bottom number in the fraction) and the whole number.

$$
{\color {salmon}[[arg1]]}\frac{[[arg2]]}{{\color {salmon}[[arg3]]}} \text{}\:\:\:\:\:\:\:\:\:\:\:\text{}
{\color {salmon}[[arg1]]}  \: \times \: {\color {salmon}[[arg3]]}\  = \: {\color {salmon}[[arg1*arg3]]}
$$
**Step 2:** Add the answer from step 1 to the numerator (the top number in the fraction).

$$
[[arg1]]\frac{{\color {salmon}[[arg2]]}}{[[arg3]]} \text{}\:\:\:\:\:\:\:\:\:\:\:\text{}
{\color {salmon}[[arg1*arg3]]}  \: + \: {{\color {salmon}[[arg2]]}}\  = \: {\color {salmon}[[arg1*arg3+arg2]]}
$$
**Step 3:** Write answer from step 2 over the denominator.

$$
\frac{{\color {salmon}[[arg1*arg3+arg2]]}}{[[arg3]]}
$$","<div class=""ex-text"" align=""center"">

$[[arg1]]\frac{[[arg2]]}{[[arg3]]} =?$

</div>

**步骤 1：** 将分母（分数中的下方数字）与整数相乘。

$$
{\color {salmon}[[arg1]]}\frac{[[arg2]]}{{\color {salmon}[[arg3]]}} \text{}\:\:\:\:\:\:\:\:\:\:\:\text{}
{\color {salmon}[[arg1]]}  \: \times \: {\color {salmon}[[arg3]]}\  = \: {\color {salmon}[[arg1*arg3]]}
$$
**步骤 2：** 将步骤 1 的答案加到分子（分数中的上方数字）上。

$$
[[arg1]]\frac{{\color {salmon}[[arg2]]}}{[[arg3]]} \text{}\:\:\:\:\:\:\:\:\:\:\:\text{}
{\color {salmon}[[arg1*arg3]]}  \: + \: {{\color {salmon}[[arg2]]}}\  = \: {\color {salmon}[[arg1*arg3+arg2]]}
$$
**步骤 3：** 将步骤 2 的答案写在分母上。

$$
\frac{{\color {salmon}[[arg1*arg3+arg2]]}}{[[arg3]]}
$$",,,
4,49,"<div class=""ex-text"" align=""center"">

$\frac{[[arg2]]}{[[arg1]]} + \frac{[[arg3]]}{[[arg1]]}\text{}=?$

</div>

**Step 1:** To add fractions with the **same denominator**, simply add the numerators of all fractions and keep the common denominator. In this case, we add the numerators, which are [[arg2]] and [[arg3]], we get [[arg2 + arg3]].

$$
\frac{{\color {Salmon} [[arg2]]}}{[[arg1]]} + \frac{{\color {Salmon} [[arg3]]}}{[[arg1]]}\text{}=\frac{{\color {Salmon} [[arg2 + arg3]]}}{ }
$$

**Step 2:** The denominator stays the same.

$$
\frac{[[arg2]]}{{\color {Salmon} [[arg1]]}} + \frac{[[arg3]]}{{\color {Salmon} [[arg1]]}}\text{}=\frac{[[arg2 + arg3]]}{{\color {Salmon} [[arg1]]}}
$$

[[simplified_statement(arg1, arg2, arg3)]]
[[improper_fraction_statement(arg1, arg2, arg3)]]

</div>
</div>","<div class=""ex-text"" align=""center"">

$\frac{[[arg2]]}{[[arg1]]} + \frac{[[arg3]]}{[[arg1]]}\text{}=?$

</div>

**步骤 1:** 要相加分母相同的分数，只需将所有分数的分子相加，并保持共同的分母。在这种情况下，我们将分子相加，即 [[arg2]] 和 [[arg3]]，得到 [[arg2 + arg3]]。

$$
\frac{{\color {Salmon} [[arg2]]}}{[[arg1]]} + \frac{{\color {Salmon} [[arg3]]}}{[[arg1]]}\text{}=\frac{{\color {Salmon} [[arg2 + arg3]]}}{ }
$$

**步骤 2:** 分母保持不变。

$$
\frac{[[arg2]]}{{\color {Salmon} [[arg1]]}} + \frac{[[arg3]]}{{\color {Salmon} [[arg1]]}}\text{}=\frac{[[arg2 + arg3]]}{{\color {Salmon} [[arg1]]}}
$$

[[simplified_statement(arg1, arg2, arg3)]]
[[improper_fraction_statement(arg1, arg2, arg3)]]

</div>
</div>",,,
50,50,"<div class=""ex-text"" align=""center"">

$\frac{[[arg2]]}{[[arg1]]} - \frac{[[arg3]]}{[[arg1]]}\text{}=?$

</div>

**Step 1:** To subtract fractions with the **same denominator**, simply subtract the numerators of all fractions and keep the common denominator. In this case, we subtract the numerators, which are [[arg2]] minus [[arg3]], we get [[arg2 - arg3]].

$$
\frac{{\color {Salmon} [[arg2]]}}{[[arg1]]} - \frac{{\color {Salmon} [[arg3]]}}{[[arg1]]}\text{}=\frac{{\color {Salmon} [[arg2 - arg3]]}}{ }
$$

**Step 2:** The size of the equal pieces does not change when you subtract the fractions with the same denominator.

$$
\frac{[[arg2]]}{{\color {Salmon} [[arg1]]}} - \frac{[[arg3]]}{{\color {Salmon} [[arg1]]}}\text{}=\frac{[[arg2 - arg3]]}{{\color {Salmon} [[arg1]]}}
$$

[[simplified_statement(arg1, arg2, arg3)]]
[[improper_fraction_statement(arg1, arg2, arg3)]]

</div>
</div>","<div class=""ex-text"" align=""center"">

$\frac{[[arg2]]}{[[arg1]]} - \frac{[[arg3]]}{[[arg1]]}\text{}=?$

</div>

**步骤 1:** 要减去具有 **相同分母** 的分数，只需减去所有分数的分子，保持共同的分母。在这种情况下，我们减去分子，即 [[arg2]] 减去 [[arg3]]，我们得到 [[arg2 - arg3]]。

$$
\frac{{\color {Salmon} [[arg2]]}}{[[arg1]]} - \frac{{\color {Salmon} [[arg3]]}}{[[arg1]]}\text{}=\frac{{\color {Salmon} [[arg2 - arg3]]}}{ }
$$

**步骤 2:** 当你减去具有相同分母的分数时，等分的大小不会改变。

$$
\frac{[[arg2]]}{{\color {Salmon} [[arg1]]}} - \frac{[[arg3]]}{{\color {Salmon} [[arg1]]}}\text{}=\frac{[[arg2 - arg3]]}{{\color {Salmon} [[arg1]]}}
$$

[[simplified_statement(arg1, arg2, arg3)]]
[[improper_fraction_statement(arg1, arg2, arg3)]]

</div>
</div>",,,
53,51,"<div class=""ex-text"" align=""center"">

$\frac{[[arg1]]}{[[arg2]]} \times \frac{[[arg3]]}{[[arg4]]}\text{}=?$

</div>

**Step 1:** Multiply the top numbers (numerators) of the fractions together. In this case, [[arg1]] multiplied by [[arg3]] equals [[arg1*arg3]]. Then we multiply the bottom numbers (denominators) of the fractions together. In this case, [[arg2]] multiplied by [[arg4]] equals [[arg2*arg4]].

$$
\frac{[[arg1]]}{[[arg2]]} \times \frac{[[arg3]]}{[[arg4]]}\text{}=  \frac{[[arg1]]\times[[arg3]]}{[[arg2]]\times[[arg4]]} = \frac{[[arg1*arg3]]}{[[arg2*arg4]]}
$$
**Step 2:** Always reduce your final answer to its **lowest term**. Since the greatest common denominator of [[arg1*arg3]] and [[arg2*arg4]] is [[gcd(arg1*arg3, arg2*arg4)]], $\large\frac{[[arg1*arg3]]÷[[gcd(arg1*arg3, arg2*arg4)]]}{[[arg2*arg4]]÷[[gcd(arg1*arg3, arg2*arg4)]]}$ equals $\large\frac{[[arg1*arg3//gcd(arg1*arg3, arg2*arg4)]]}{[[arg2*arg4//gcd(arg1*arg3, arg2*arg4)]]}$. So $\large\frac{[[arg1*arg3//gcd(arg1*arg3, arg2*arg4)]]}{[[arg2*arg4//gcd(arg1*arg3, arg2*arg4)]]}$ is our final answer.

Therefore, the final solution is $\large\frac{[[arg1*arg3//gcd(arg1*arg3, arg2*arg4)]]}{[[arg2*arg4//gcd(arg1*arg3, arg2*arg4)]]}$.
</div>
</div>","<div class=""ex-text"" align=""center"">

$\frac{[[arg1]]}{[[arg2]]} \times \frac{[[arg3]]}{[[arg4]]}\text{}=?$

</div>

**第一步：** 将分数的上面的数字（分子）相乘。在这种情况下，[[arg1]] 乘以 [[arg3]] 等于 [[arg1*arg3]]。然后我们将分数的下面数字（分母）相乘。在这种情况下，[[arg2]] 乘以 [[arg4]] 等于 [[arg2*arg4]]。

$$
\frac{[[arg1]]}{[[arg2]]} \times \frac{[[arg3]]}{[[arg4]]}\text{}=  \frac{[[arg1]]\times[[arg3]]}{[[arg2]]\times[[arg4]]} = \frac{[[arg1*arg3]]}{[[arg2*arg4]]}
$$
**第二步：** 始终将你的最终答案简化为它的 **最简形式**。由于 [[arg1*arg3]] 和 [[arg2*arg4]] 的最大公约数是 [[gcd(arg1*arg3, arg2*arg4)]], $\large\frac{[[arg1*arg3]]÷[[gcd(arg1*arg3, arg2*arg4)]]}{[[arg2*arg4]]÷[[gcd(arg1*arg3, arg2*arg4)]]}$ 等于 $\large\frac{[[arg1*arg3//gcd(arg1*arg3, arg2*arg4)]]}{[[arg2*arg4//gcd(arg1*arg3, arg2*arg4)]]}$. 所以 $\large\frac{[[arg1*arg3//gcd(arg1*arg3, arg2*arg4)]]}{[[arg2*arg4//gcd(arg1*arg3, arg2*arg4)]]}$ 是我们的最终答案。

因此，最终的解是 $\large\frac{[[arg1*arg3//gcd(arg1*arg3, arg2*arg4)]]}{[[arg2*arg4//gcd(arg1*arg3, arg2*arg4)]]}$。
</div>
</div>",,,
58,52,"<div class=""ex-text"" align=""center"">

$\frac{[[arg1]]}{[[arg2]]} \div \frac{[[arg3]]}{[[arg4]]}\text{}=?$

</div>

**Step 1:** Turn the second fraction (the one you want to divide by) upside down.

$$
\frac{[[arg3]]}{[[arg4]]}
\:\:\:\longrightarrow    \:\:
\frac{\color {salmon}[[arg4]]}{\color {salmon}[[arg3]]}
$$
**Step 2:** Multiply the numerators of the fractions together. In this case, [[arg1]] multiplied by [[arg4]] equals [[arg1*arg4]]. Then we multiply the denominators of the fractions together. In this case, [[arg2]] multiplied by [[arg3]] equals [[arg2*arg3]].

$$
\frac{[[arg1]]}{[[arg2]]} \times \frac{[[arg4]]}{[[arg3]]}\text{}=  \frac{[[arg1]]\times[[arg4]]}{[[arg2]]\times[[arg3]]} = \frac{[[arg1*arg4]]}{[[arg2*arg3]]}
$$
**Step 3:** Always reduce your final answer to its **lowest term**. Since the greatest common denominator of [[arg1*arg4]] and [[arg2*arg3]] is [[gcd(arg1*arg4, arg2*arg3)]], $\large\frac{[[arg1*arg4]]÷[[gcd(arg1*arg4, arg2*arg3)]]}{[[arg2*arg3]]÷[[gcd(arg1*arg4, arg2*arg3)]]}$ equals $\large\frac{[[arg1*arg4//gcd(arg1*arg4, arg2*arg3)]]}{[[arg2*arg3//gcd(arg1*arg4, arg2*arg3)]]}$. So $\large\frac{[[arg1*arg4//gcd(arg1*arg4, arg2*arg3)]]}{[[arg2*arg3//gcd(arg1*arg4, arg2*arg3)]]}$ is our final answer.
$$
\frac{[[arg1*arg4]]}{[[arg2*arg3]]} =
 \frac{[[arg1*arg4]]\color {Salmon}\div[[gcd(arg1*arg4, arg2*arg3)]]}{[[arg2*arg3]]\color {Salmon}\div[[gcd(arg1*arg4, arg2*arg3)]]}= \frac{\color {Salmon}[[arg1*arg4//gcd(arg1*arg4, arg2*arg3)]]}{\color {Salmon}[[arg2*arg3//gcd(arg1*arg4, arg2*arg3)]]}
$$
Therefore, the final solution is $\large\frac{[[arg1*arg4//gcd(arg1*arg4, arg2*arg3)]]}{[[arg2*arg3//gcd(arg1*arg4, arg2*arg3)]]}$.","<div class=""ex-text"" align=""center"">

$\frac{[[arg1]]}{[[arg2]]} \div \frac{[[arg3]]}{[[arg4]]}\text{}=?$

</div>

**步骤 1：** 将第二个分数（你想要除的分数）上下反转过来。

$$
\frac{[[arg3]]}{[[arg4]]}
\:\:\:\longrightarrow    \:\:
\frac{\color {salmon}[[arg4]]}{\color {salmon}[[arg3]]}
$$
**步骤 2：** 将两个分数的分子相乘。在这种情况下，[[arg1]] 乘以 [[arg4]] 等于 [[arg1*arg4]]。然后我们将两个分数的分母相乘。在这种情况下，[[arg2]] 乘以 [[arg3]] 等于 [[arg2*arg3]]。

$$
\frac{[[arg1]]}{[[arg2]]} \times \frac{[[arg4]]}{[[arg3]]}\text{}=  \frac{[[arg1]]\times[[arg4]]}{[[arg2]]\times[[arg3]]} = \frac{[[arg1*arg4]]}{[[arg2*arg3]]}
$$
**步骤 3：** 始终将你的最终答案简化为 **最简形式**。由于 [[arg1*arg4]] 和 [[arg2*arg3]] 的最大公约数是 [[gcd(arg1*arg4, arg2*arg3)]], $\large\frac{[[arg1*arg4]]÷[[gcd(arg1*arg4, arg2*arg3)]]}{[[arg2*arg3]]÷[[gcd(arg1*arg4, arg2*arg3)]]}$ 等于 $\large\frac{[[arg1*arg4//gcd(arg1*arg4, arg2*arg3)]]}{[[arg2*arg3//gcd(arg1*arg4, arg2*arg3)]]}$. 所以 $\large\frac{[[arg1*arg4//gcd(arg1*arg4, arg2*arg3)]]}{[[arg2*arg3//gcd(arg1*arg4, arg2*arg3)]]}$ 是我们最终的答案。
$$
\frac{[[arg1*arg4]]}{[[arg2*arg3]]} =
 \frac{[[arg1*arg4]]\color {Salmon}\div[[gcd(arg1*arg4, arg2*arg3)]]}{[[arg2*arg3]]\color {Salmon}\div[[gcd(arg1*arg4, arg2*arg3)]]}= \frac{\color {Salmon}[[arg1*arg4//gcd(arg1*arg4, arg2*arg3)]]}{\color {Salmon}[[arg2*arg3//gcd(arg1*arg4, arg2*arg3)]]}
$$
因此，最终的解是 $\large\frac{[[arg1*arg4//gcd(arg1*arg4, arg2*arg3)]]}{[[arg2*arg3//gcd(arg1*arg4, arg2*arg3)]]}$.",,,
54,53,"<div class=""ex-text"" align=""center"">

Find the LCM for $[[arg1]]$ and $[[arg2]]$

</div>

**Step 1:** We'll start by finding the prime factors of both [[arg1]] and [[arg2]]. This means we're breaking each number down into its smallest ""building blocks."" Prime factors are like the smallest puzzle pieces that make up the number.

- Prime factors of [[arg1]]:

[[getPrimeFactorization(arg1)]]

- Prime factors of [[arg2]]:

[[getPrimeFactorization(arg2)]]


**Step 2:** Next, we find all factors of both numbers. These are the ""building blocks"" of both [[arg1]] and [[arg2]].


[[primeFactors(arg1, arg2, 'Factor/Factors')]].


**Step 3:** We then multiply all the common factors with the uncommon factors of both numbers to get the LCM.

So the answer is $[[primeFactors(arg1,arg2,'Chain')]]$.
</div>
</div>","<div class=""ex-text"" align=""center"">

找到 $[[arg1]]$ 和 $[[arg2]]$ 的最小公倍数

</div>

**第 1 步：** 我们将首先找到 [[arg1]] 和 [[arg2]] 的质因数。这意味着我们将每个数字分解成最小的“质数因子”组合。质因数就像构成这个数字的最小拼图块。

- [[arg1]] 的质因数：

[[getPrimeFactorization(arg1)]]

- [[arg2]] 的质因数：

[[getPrimeFactorization(arg2)]]


**第 2 步：** 接下来，我们找到两个数字的所有因数。这些是 [[arg1]] 和 [[arg2]] 的“质数因子”组合。

[[primeFactors(arg1, arg2,'Factor/Factors')]].


**第 3 步：** 然后，我们将所有共同因数与两个数字的非共同因数相乘，以得到最小公倍数。

所以答案是 $[[primeFactors(arg1,arg2,'Chain')]]$。
</div>
</div>",,,
49,54,"<div  class=""ex-text""  align=""center"">

Find the GCF for $[[arg1]]$ and $[[arg2]]$

</div>

**Step 1:** We'll start by finding the prime factors of both [[arg1]] and [[arg2]]. This means we're breaking each number down into its smallest ""building blocks."" Prime factors are like the smallest puzzle pieces that make up the number.

-   Prime factors of [[arg1]]:
[[getPrimeFactorization(arg1)]]

- Prime factors of [[arg2]]:
[[getPrimeFactorization(arg2)]]


**Step 2:** Next, we find the common prime factors. These are the ""building blocks"" that both [[arg1]] and [[arg2]] share.

-   The common prime [[commonPrimeFactors(arg1, arg2, 'Factor/Factors')]] of [[arg1]] and [[arg2]] [[commonPrimeFactors(arg1, arg2, 'List')]].

**Step 3:** Lastly, we multiply the common prime factors together to find the GCF.

So the answer is $[[commonPrimeFactors(arg1,arg2,'Chain')]]$.","<div class=""ex-text"" align=""center"">

找到 $[[arg1]]$ 和 $[[arg2]]$ 的最大公因数

</div>

**步骤 1：** 我们先找到 [[arg1]] 和 [[arg2]] 的质因数。这意味着我们将每个数字分解成最小的“质数因子”组合。质因数就像构成该数字的最小拼图块。

-   [[arg1]] 的质因数：
[[getPrimeFactorization(arg1)]]

- [[arg2]] 的质因数：
[[getPrimeFactorization(arg2)]]


**步骤 2：** 接下来，我们找到共同的质因数。这些是 [[arg1]] 和 [[arg2]] 共享的“质数因子”组合。

-   [[arg1]] 和 [[arg2]] 的共同质因数 [[commonPrimeFactors(arg1, arg2, 'Factor/Factors')]] [[commonPrimeFactors(arg1, arg2, 'List')]]。

**步骤 3：** 最后，我们将共同质因数相乘以找到最大公因数。

所以答案是 $[[commonPrimeFactors(arg1,arg2,'Chain')]]$。",,,
44,55,"<div  class=""ex-text""  align=""center"">

$$
\frac{[[arg1]]}{[[arg2]]} + \frac{[[arg3]]}{[[arg4]]}
$$

</div>

**Step 1:** Fractions need to have the same denominator. Find the LCM of the two denominators.

The LCM of [[arg2]] and [[arg4]] is **[[lcm(arg2, arg4)]]**.

**Step 2:** For each fraction, adjust the numerator. Multiply the numerator and denominator of each fraction by the same factor to make the denominators match.

$$
\frac{[[arg1]]}{[[arg2]]} + \frac{[[arg3]]}{[[arg4]]} = \frac{[[arg1]]}{[[arg2]]}[[LCMFraction(arg2, lcm(arg2, arg4))]] + \frac{[[arg3]]}{[[arg4]]}[[LCMFraction(arg4, lcm(arg2, arg4))]] = \frac{[[getNumerator(arg1, arg2, lcm(arg2, arg4))]]}{[[lcm(arg2, arg4)]]} + \frac{[[getNumerator(arg3, arg4, lcm(arg2, arg4))]]}{[[lcm(arg2, arg4)]]}
$$

**Step 3:** Add the numerators and always reduce your final answer to its **lowest term**. In this case, the result is $\large\frac{[[addNumerators(arg1, arg2, arg3, arg4)]]}{[[lcm(arg2, arg4)]]}$  

$$
\frac{[[getNumerator(arg1, arg2, lcm(arg2, arg4))]]}{[[lcm(arg2, arg4)]]} + \frac{[[getNumerator(arg3, arg4, lcm(arg2, arg4))]]}{[[lcm(arg2, arg4)]]} = \frac{[[addNumerators(arg1, arg2, arg3, arg4)]]}{[[lcm(arg2, arg4)]]}
[[simplifyAlgebra(addNumerators(arg1, arg2, arg3, arg4), lcm(arg2, arg4))]]
$$

[[simplify(addNumerators(arg1, arg2, arg3, arg4), lcm(arg2, arg4))]]

So the answer is $[[finalAnswer(arg1, arg2, arg3, arg4)]]$.","<div class=""ex-text"" align=""center"">

$$
\frac{[[arg1]]}{[[arg2]]} + \frac{[[arg3]]}{[[arg4]]}
$$

</div>

**步骤 1:** 分数需要有相同的分母。找到两个分母的最小公倍数。

[[arg2]]和[[arg4]]的最小公倍数是 **[[lcm(arg2, arg4)]]**。

**步骤 2:** 对于每个分数，调整分子。将每个分数的分子和分母乘以相同的因子，以使分母匹配。

$$
\frac{[[arg1]]}{[[arg2]]} + \frac{[[arg3]]}{[[arg4]]} = \frac{[[arg1]]}{[[arg2]]}[[LCMFraction(arg2, lcm(arg2, arg4))]] + \frac{[[arg3]]}{[[arg4]]}[[LCMFraction(arg4, lcm(arg2, arg4))]] = \frac{[[getNumerator(arg1, arg2, lcm(arg2, arg4))]]}{[[lcm(arg2, arg4)]]} + \frac{[[getNumerator(arg3, arg4, lcm(arg2, arg4))]]}{[[lcm(arg2, arg4)]]}
$$

**步骤 3:** 将分子相加，并始终将最终答案简化到 **最简形式**。在这种情况下，结果是 $\large\frac{[[addNumerators(arg1, arg2, arg3, arg4)]]}{[[lcm(arg2, arg4)]]}$  

$$
\frac{[[getNumerator(arg1, arg2, lcm(arg2, arg4))]]}{[[lcm(arg2, arg4)]]} + \frac{[[getNumerator(arg3, arg4, lcm(arg2, arg4))]]}{[[lcm(arg2, arg4)]]} = \frac{[[addNumerators(arg1, arg2, arg3, arg4)]]}{[[lcm(arg2, arg4)]]}
[[simplifyAlgebra(addNumerators(arg1, arg2, arg3, arg4), lcm(arg2, arg4))]]
$$

[[simplify(addNumerators(arg1, arg2, arg3, arg4), lcm(arg2, arg4))]]

所以答案是 $[[finalAnswer(arg1, arg2, arg3, arg4)]]$。",,,
38,56,"<div  class=""ex-text""  align=""center"">

$$
\frac{[[arg1]]}{[[arg2]]} - \frac{[[arg3]]}{[[arg4]]}
$$

</div>

**Step 1:** Fractions need to have the same denominator. Find the LCM of the two denominators.

The LCM of [[arg2]] and [[arg4]] is **[[lcm(arg2, arg4)]]**.

**Step 2:** For each fraction, adjust the numerator. Multiply the numerator and denominator of each fraction by the same factor to make the denominators match.
$$
\frac{[[arg1]]}{[[arg2]]} - \frac{[[arg3]]}{[[arg4]]} = \frac{[[arg1]]}{[[arg2]]}[[LCMFraction(arg2, lcm(arg2, arg4))]] - \frac{[[arg3]]}{[[arg4]]}[[LCMFraction(arg4, lcm(arg2, arg4))]] = \frac{[[getNumerator(arg1, arg2, lcm(arg2, arg4))]]}{[[lcm(arg2, arg4)]]} - \frac{[[getNumerator(arg3, arg4, lcm(arg2, arg4))]]}{[[lcm(arg2, arg4)]]}
$$

**Step 3:** Subtract the numerators and always reduce your final answer to its **lowest term**. 

$$
\frac{[[getNumerator(arg1, arg2, lcm(arg2, arg4))]]}{[[lcm(arg2, arg4)]]} - \frac{[[getNumerator(arg3, arg4, lcm(arg2, arg4))]]}{[[lcm(arg2, arg4)]]} = \frac{[[subtractNumerators(arg1, arg2, arg3, arg4)]]}{[[lcm(arg2, arg4)]]}
[[simplifyAlgebra(subtractNumerators(arg1, arg2, arg3, arg4), lcm(arg2, arg4))]]
$$

The result is $\large\frac{[[subtractNumerators(arg1, arg2, arg3, arg4)]]}{[[lcm(arg2, arg4)]]}$ 

[[simplify(subtractNumerators(arg1, arg2, arg3, arg4), lcm(arg2, arg4))]]

So the answer is $[[finalAnswer(arg1, arg2, arg3, arg4)]]$.","<div class=""ex-text"" align=""center"">

$$
\frac{[[arg1]]}{[[arg2]]} - \frac{[[arg3]]}{[[arg4]]}
$$

</div>

**步骤 1：** 分数需要有相同的分母。寻找两个分母的最小公倍数。

[[arg2]] 和 [[arg4]] 的最小公倍数是 **[[lcm(arg2, arg4)]]**。

**步骤 2：** 对于每个分数，调整分子。将每个分数的分子和分母都乘以相同的因子，以使分母匹配。
$$
\frac{[[arg1]]}{[[arg2]]} - \frac{[[arg3]]}{[[arg4]]} = \frac{[[arg1]]}{[[arg2]]}[[LCMFraction(arg2, lcm(arg2, arg4))]] - \frac{[[arg3]]}{[[arg4]]}[[LCMFraction(arg4, lcm(arg2, arg4))]] = \frac{[[getNumerator(arg1, arg2, lcm(arg2, arg4))]]}{[[lcm(arg2, arg4)]]} - \frac{[[getNumerator(arg3, arg4, lcm(arg2, arg4))]]}{[[lcm(arg2, arg4)]]}
$$

**步骤 3：** 减去分子，并始终将最终答案简化到其 **最简形式**。

$$
\frac{[[getNumerator(arg1, arg2, lcm(arg2, arg4))]]}{[[lcm(arg2, arg4)]]} - \frac{[[getNumerator(arg3, arg4, lcm(arg2, arg4))]]}{[[lcm(arg2, arg4)]]} = \frac{[[subtractNumerators(arg1, arg2, arg3, arg4)]]}{[[lcm(arg2, arg4)]]}
[[simplifyAlgebra(subtractNumerators(arg1, arg2, arg3, arg4), lcm(arg2, arg4))]]
$$

结果是 $\large\frac{[[subtractNumerators(arg1, arg2, arg3, arg4)]]}{[[lcm(arg2, arg4)]]}$ 

[[simplify(subtractNumerators(arg1, arg2, arg3, arg4), lcm(arg2, arg4))]]

所以答案是 $[[finalAnswer(arg1, arg2, arg3, arg4)]]$。",,,
43,57,"<div class=""ex-text"" align=""center"">

$$
[[arg1]]\frac{[[arg2]]}{[[arg3]]} [[getSign(arg4, arg5)]] [[abs(arg4)]]\frac{[[abs(arg5)]]}{[[arg6]]}
$$

</div>

**Step 1:** [[AddOrSubtract(arg4)]] the fraction portion.
$$
\frac{[[arg2]]}{[[arg3]]} [[getSign(arg4, arg5)]] \frac{[[abs(arg5)]]}{[[arg6]]} = [[getAnswerFrac(arg1, arg2, arg3, arg4, arg5, arg6)]]
$$

**Step 2:** [[AddOrSubtract(arg4)]] the integer portion.
$$
[[arg1]] [[getSign(arg4, 0)]] [[abs(arg4)]] = [[arg1+arg4]]
$$

**Step 3:** Combine the fraction and integer.
$$
[[arg1+arg4]] [[getAnswerFracAndSign(arg1, arg2, arg3, arg4, arg5, arg6)]] = [[getFinal(arg1, arg2, arg3, arg4, arg5, arg6)]]
$$

So the answer is [[getFinal(arg1, arg2, arg3, arg4, arg5, arg6)]].","<div class=""ex-text"" align=""center"">

$$
[[arg1]]\frac{[[arg2]]}{[[arg3]]} [[getSign(arg4, arg5)]] [[abs(arg4)]]\frac{[[abs(arg5)]]}{[[arg6]]}
$$

</div>

**步骤 1:** [[AddOrSubtract(arg4)]] 分数部分。
$$
\frac{[[arg2]]}{[[arg3]]} [[getSign(arg4, arg5)]] \frac{[[abs(arg5)]]}{[[arg6]]} = [[getAnswerFrac(arg1, arg2, arg3, arg4, arg5, arg6)]]
$$

**步骤 2:** [[AddOrSubtract(arg4)]] 整数部分。
$$
[[arg1]] [[getSign(arg4, 0)]] [[abs(arg4)]] = [[arg1+arg4]]
$$

**步骤 3:** 组合分数和整数。
$$
[[arg1+arg4]] [[getAnswerFracAndSign(arg1, arg2, arg3, arg4, arg5, arg6)]] = [[getFinal(arg1, arg2, arg3, arg4, arg5, arg6)]]
$$

所以答案是 [[getFinal(arg1, arg2, arg3, arg4, arg5, arg6)]]。",,,
10,58,"<div  class=""ex-text""  align=""center"">

$$
[[arg1]] \times [[arg2]]
$$

</div>

**Step 1:** Ignore the decimal point for now and start by multiplying the numbers as if they were both whole numbers.
$$
\begin{array}{l r}
&[[getWholeNum(arg1)]]\:\:\:\\
\times&[[getWholeNum(arg2)]]\:\:\:\\
\hline
&{\color{Salmon}[[getWholeNum(arg1)*getWholeNum(arg2)]]}\:\:\:\\
\end{array}
$$

**Step 2:** Determine the number of places behind the decimal in the original decimal number. In this case, the number is [[getDecimalPlaces(arg1, arg2)]].

**Step 3:** Move the decimal [[getPlaces(getDecimalPlaces(arg1, arg2))]] to the left in the product.
$$
\begin{array}{l r}
&[[getColor(arg1)]]\:\:\:\\
\times&[[getColor(arg2)]]\:\:\:\\
\hline
&{\color{Salmon}[[arg1*arg2]]}\:\:\:\\
\end{array}
$$


So $[[arg1]] \times [[arg2]] = [[arg1*arg2]]$[[simplifyAnswer(arg1*arg2)]]

</div>
</div>","<div class=""ex-text"" align=""center"">

$$
[[arg1]] \times [[arg2]]
$$

</div>

**步骤 1：** 先忽略小数点，将这两个数字当作整数进行相乘。
$$
\begin{array}{l r}
&[[getWholeNum(arg1)]]\:\:\:\\
\times&[[getWholeNum(arg2)]]\:\:\:\\
\hline
&{\color{Salmon}[[getWholeNum(arg1)*getWholeNum(arg2)]]}\:\:\:\\
\end{array}
$$

**步骤 2：** 确定原始小数中小数点后的位数。在这个例子中，位数为 [[getDecimalPlaces(arg1, arg2)]]。

**步骤 3：** 将小数点向左移动 [[getPlaces(getDecimalPlaces(arg1, arg2))]] 位，以调整乘积。
$$
\begin{array}{l r}
&[[getColor(arg1)]]\:\:\:\\
\times&[[getColor(arg2)]]\:\:\:\\
\hline
&{\color{Salmon}[[arg1*arg2]]}\:\:\:\\
\end{array}
$$


所以 $[[arg1]] \times [[arg2]] = [[arg1*arg2]]$[[simplifyAnswer(arg1*arg2)]]

</div>
</div>",,,
2,60,"<div  class=""ex-text""  align=""center"">

$$
[[arg1]] \times [[arg2]]
$$

</div>

**Step 1:** First, identify the decimal point.
$$
[[getSide(arg1, 1)]]{\color{Salmon}.}[[getSide(arg1, 2)]]
$$

The decimal point is right after [[getSide(arg1, 1)]].

**Step 2:** When we multiply by [[arg2]], we move the decimal point [[calculate_digit_word(arg2)]] [[getPlaces(arg2)]] to the right.
$$
\begin{array}{lr}
&[[getSide(arg1, 1)]]{\color{Salmon}.}[[getSide(arg1, 2)]]×[[arg2]]\\
\end{array}
\longrightarrow
\begin{array}{lr}
&[[getSide(arg1*arg2, 1)]]{\color{Salmon}.}[[getSide(getAnswer(arg1, arg2), 2)]]\\
\end{array}
$$

So the answer is $[[getAnswer(arg1, arg2)]]$","<div class=""ex-text"" align=""center"">

$$
[[arg1]] \times [[arg2]]
$$

</div>

**步骤 1：** 首先，确定小数点的位置。
$$
[[getSide(arg1, 1)]]{\color{Salmon}.}[[getSide(arg1, 2)]]
$$

小数点在 [[getSide(arg1, 1)]] 之后。

**步骤 2：** 当我们乘以 [[arg2]] 时，我们将小数点向右移动 [[calculate_digit_word(arg2)]] [[getPlaces(arg2)]]。
$$
\begin{array}{lr}
&[[getSide(arg1, 1)]]{\color{Salmon}.}[[getSide(arg1, 2)]]×[[arg2]]\\
\end{array}
\longrightarrow
\begin{array}{lr}
&[[getSide(arg1*arg2, 1)]]{\color{Salmon}.}[[getSide(getAnswer(arg1, arg2), 2)]]\\
\end{array}
$$

所以答案是 $[[getAnswer(arg1, arg2)]]$",,,
5,61,"<div  class=""ex-text""  align=""center"">

$$
[[arg1]] \div [[arg2]]
$$

</div>

**Step 1:** First, identify the decimal point.
$$
[[arg1]]{\color{Salmon}.}
$$

In $[[arg1]]$ the decimal point is at the end of the number.

**Step 2:** When we dividing by [[arg2]], we move the decimal point [[calculate_digit_word(arg2)]] [[getPlaces(arg2)]] to the left.
$$
\begin{array}{lr}
&[[arg1]]{\color{Salmon}.}\\
\end{array}
\longrightarrow
\begin{array}{lr}
&[[getSide(arg1/(arg2), 1)]]{\color{Salmon}.}[[getSide(arg1/(arg2), 2)]]\\
\end{array}
$$

So the answer is $[[getAnswer(arg1, arg2)]]$","<div  class=""ex-text""  align=""center"">

$$
[[arg1]] \div [[arg2]]
$$

</div>

**步骤 1：** 首先，识别小数点的位置。
$$
[[arg1]]{\color{Salmon}.}
$$

在 $[[arg1]]$ 中，小数点位于数字的末尾。

**步骤 2：** 当我们用 [[arg2]] 相除时，移动小数点 [[calculate_digit_word(arg2)]] [[getPlaces(arg2)]] 向左。
$$
\begin{array}{lr}
&[[arg1]]{\color{Salmon}.}\\
\end{array}
\longrightarrow
\begin{array}{lr}
&[[getSide(arg1/(arg2), 1)]]{\color{Salmon}.}[[getSide(arg1/(arg2), 2)]]\\
\end{array}
$$

所以答案是 $[[getAnswer(arg1, arg2)]]$",,,
1,62,"<div  class=""ex-text""  align=""center"">

$$
[[arg1]] \times [[arg2]]
$$

</div>

**Step 1:** Ignore the decimal point for now and start by multiplying the numbers as if they were both whole numbers.
$$
\begin{array}{l r}
&[[getWholeNum(arg1)]]\:\:\:\\
\times&[[getWholeNum(arg2)]]\:\:\:\\
\hline
&{\color{Salmon}[[getWholeNum(arg1)*getWholeNum(arg2)]]}\:\:\:\\
\end{array}
$$

**Step 2:** Determine the number of places behind the decimal in the original decimal number. In this case, the number is [[getDecimalPlaces(arg1, arg2)]].

**Step 3:** Move the decimal [[getPlaces(getDecimalPlaces(arg1, arg2))]] to the left in the product.
$$
\begin{array}{l r}
&[[getColor(arg1)]]\:\:\:\\
\times&[[getColor(arg2)]]\:\:\:\\
\hline
&{\color{Salmon}[[round(arg1*arg2, getDecimalPlaces(arg1, arg2))]]}\:\:\:\\
\end{array}
$$

So $[[arg1]] \times [[arg2]] = [[round(arg1*arg2, getDecimalPlaces(arg1, arg2))]]$[[simplifyAnswer(arg1*arg2)]]","<div  class=""ex-text""  align=""center"">

$$
[[arg1]] \times [[arg2]]
$$

</div>

**第一步：** 先忽略小数点，把两个数字当成整数相乘。
$$
\begin{array}{l r}
&[[getWholeNum(arg1)]]\:\:\:\\
\times&[[getWholeNum(arg2)]]\:\:\:\\
\hline
&{\color{Salmon}[[getWholeNum(arg1)*getWholeNum(arg2)]]}\:\:\:\\
\end{array}
$$

**第二步：** 确定原始小数中小数点后的位数。在这个例子中，位数为 [[getDecimalPlaces(arg1, arg2)]]。

**第三步：**将小数点向左移动 [[getPlaces(getDecimalPlaces(arg1, arg2))]] 位，以调整乘积。
$$
\begin{array}{l r}
&[[getColor(arg1)]]\:\:\:\\
\times&[[getColor(arg2)]]\:\:\:\\
\hline
&{\color{Salmon}[[round(arg1*arg2, getDecimalPlaces(arg1, arg2))]]}\:\:\:\\
\end{array}
$$

所以 $[[arg1]] \times [[arg2]] = [[round(arg1*arg2, getDecimalPlaces(arg1, arg2))]]$[[simplifyAnswer(arg1*arg2)]]",,,
9,64,"<div  class=""ex-text""  align=""center"">

Find the Mean for $[[arg1]]$

</div>

**Step 1:** Add all the numbers together.

$$
[[getSummationEquation(arg1)]]
$$

**Step 2:** Count how many numbers there are. In this case, there [[getNumbers(arg1)]].

**Step 3:** Divide the sum of the numbers by the count of the numbers.

$$
[[mean(arg1)]]
$$

So the answer is $[[mean(arg1, 2)]]$.","<div  class=""ex-text""  align=""center"">

找到 $[[arg1]]$ 的平均值

</div>

**第1步:** 将所有数字加在一起计算出总和。

$$
[[getSummationEquation(arg1)]]
$$

**第2步:** 计算数字的个数。这种情况下，一共有 [[getNumbers(arg1)]] 个数字。

**第3步:** 将数字的总和除以数字的个数。

$$
[[mean(arg1)]]
$$

所以答案是 $[[mean(arg1, 2)]]$。",,,
6,65,"<div  class=""ex-text""  align=""center"">

Find the Median for $[[arg1]]$

</div>

**Step 1:** Sort the numbers in ascending order, or descending if you wish.
$$
[[getList(arg1)]]
$$

**Step 2:** Find the middle number(s).

[[getPositionStatement(arg1)]]
$$
[[getHighlightedMedian(arg1)]]
$$
[[getStatementForEven(arg1)]]

So the answer is $[[getAnswer(arg1)]]$.","<div  class=""ex-text""  align=""center"">

找到 $[[arg1]]$ 的中位数

</div>

**步骤 1：** 将数字按升序或降序排列均可。
$$
[[getList(arg1)]]
$$

**步骤 2：** 找到中间数字。

[[getPositionStatement(arg1)]]
$$
[[getHighlightedMedian(arg1)]]
$$
[[getStatementForEven(arg1)]]

所以答案是 $[[getAnswer(arg1)]]$。",,,
12,66,"<div  class=""ex-text""  align=""center"">

Find the Mode for $[[arg1]]$

</div>

**Step 1:** Sort the numbers in ascending order, or descending if you wish. This will make counting easier and more accurate. But it's optional.
$$
[[getList(arg1)]]
$$

**Step 2:** Find the number(s) with most occurrence.
$$
[[getHighlightedOccurences(arg1)]]
$$

So the answer is $[[mode(arg1)]]$.","<div  class=""ex-text""  align=""center"">

找到 $[[arg1]]$ 的众数

</div>

**步骤 1：**可以将数字按升序或降序排序，这样有助于计数更加简单和准确，但这并不是必须的。
$$
[[getList(arg1)]]
$$

**步骤 2：** 找到出现次数最多的数字。
$$
[[getHighlightedOccurences(arg1)]]
$$

所以答案是 $[[mode(arg1)]]$。",,,
14,67,"<div class=""ex-text"">

$$
[[arg1]]^[[arg2]] = ?
$$

</div>

The number [[getRep(arg1)]] with an exponent of [[getRep(arg2)]]. This means you take the number [[arg1]] and multiply it by itself [[getRep(arg2)]] times. $[[arg1]]^[[arg2]]$ read as ""[[getRep(arg1)]] to the power of [[getRep(arg2)]]"" [[getAlternateName(arg1, arg2)]].
$$
[[getExpanded(arg1, arg2)]] = [[arg1**arg2]]
$$","<div class=""ex-text"">

$$
[[arg1]]^[[arg2]] = ?
$$

</div>

数字 [[getRep(arg1)]] 的指数为 [[getRep(arg2)]]。这意味着你将数字 [[arg1]] 乘以它自己 [[getRep(arg2)]] 次。 $[[arg1]]^[[arg2]]$ 读作 ""[[getRep(arg1)]] 的 [[getRep(arg2)]] 次方"" [[getAlternateName(arg1, arg2)]]。
$$
[[getExpanded(arg1, arg2)]] = [[arg1**arg2]]
$$",,,
48,68,"<div class=""ex-text"">

$$
[[getExpression(arg1)]] = ?
$$

</div>

[[getSteps(arg1)]]

So, the final answer to the expression is [[eval(arg1)]].
</div>
</div>","<div class=""ex-text"">

$$
[[getExpression(arg1)]] = ?
$$

</div>

[[getSteps(arg1)]]

因此，该表达式的最终答案是 [[eval(arg1)]]。
</div>
</div>",,,
45,69,"<div class=""ex-text"">

$$
[[getEquation(arg1, arg2, arg3, arg4, arg5, arg6, arg7, arg8)]]
$$

</div>

**Step 1:** Convert any division to multiplication
$$
[[getEquation(arg1, arg2, arg3, arg4, arg5, arg6, arg7, arg8)]] = [[getEquation(arg1, arg2, arg3, arg4, arg5, arg6, arg7, arg8, True)]]
$$

**Step 2:**  Check if any fractions can be simplified. If so, look for the greatest common divisor between the numerator and the denominator. [[getSteps(arg1, arg2, arg3, arg4, arg5, arg6, arg7, arg8)]]

The answer is $[[getFinalAnswer(arg1, arg2, arg3, arg4, arg5, arg6, arg7, arg8)]]$.
</div>
</div>","<div class=""ex-text"">

$$
[[getEquation(arg1, arg2, arg3, arg4, arg5, arg6, arg7, arg8)]]
$$

</div>

**步骤 1:** 将任何除法转换为乘法
$$
[[getEquation(arg1, arg2, arg3, arg4, arg5, arg6, arg7, arg8)]] = [[getEquation(arg1, arg2, arg3, arg4, arg5, arg6, arg7, arg8, True)]]
$$

**步骤 2:** 检查是否有分数可以简化。如果可以，寻找分子和分母之间的最大公约数。 [[getSteps(arg1, arg2, arg3, arg4, arg5, arg6, arg7, arg8)]]

答案是 $[[getFinalAnswer(arg1, arg2, arg3, arg4, arg5, arg6, arg7, arg8)]]$.
</div>
</div>",,,
8,70,"<div class=""ex-text"">

$$
\frac{[[arg1]]}{[[arg2]]} +  \frac{[[arg3]]}{[[arg4]]} +  \frac{[[arg5]]}{[[arg6]]} = ?
$$

</div>

**Step 1:** Fractions need to have the same denominator.  We First need to calculate the LCM of all three denominators.

[[arg2]], [[arg4]] and [[arg6]] share a common denominator of **[[lcm(arg2, arg4, arg6)]]**.


**Step 2:** For each fraction, adjust the numerator. Multiply the numerator and denominator of each fraction by the same factor to make the denominators match.

$$
\frac{[[arg1]]}{[[arg2]]} +  \frac{[[arg3]]}{[[arg4]]} +  \frac{[[arg5]]}{[[arg6]]} = \frac{[[arg1]]×[[lcm_of_three//arg2]]}{[[arg2]]×[[lcm_of_three//arg2]]} +  \frac{[[arg3]]×[[lcm_of_three//arg4]]}{[[arg4]]×[[lcm_of_three//arg4]]} +  \frac{[[arg5]]×[[lcm_of_three//arg6]]}{[[arg6]]×[[lcm_of_three//arg6]]} =  \frac{[[arg1*lcm_of_three//arg2]]}{[[lcm_of_three]]} +  \frac{[[arg3*lcm_of_three//arg4]]}{[[lcm_of_three]]} +  \frac{[[arg5*lcm_of_three//arg6]]}{[[lcm_of_three]]}
$$

**Step 3:** Add the numerators and simplify if needed.
check if fraction is at its lowest term.
$$
\frac{[[arg1*lcm_of_three//arg2]]}{[[lcm_of_three]]} +  \frac{[[arg3*lcm_of_three//arg4]]}
{[[lcm_of_three]]} +  \frac{[[arg5*lcm_of_three//arg6]]}{[[lcm_of_three]]} = [[getAnswer(arg1,arg2,arg3,arg4,arg5,arg6,2)]]

$$

The answer is $[[getAnswer(arg1,arg2,arg3,arg4,arg5,arg6,2)]]$.","<div class=""ex-text"">

$$
\frac{[[arg1]]}{[[arg2]]} +  \frac{[[arg3]]}{[[arg4]]} +  \frac{[[arg5]]}{[[arg6]]} = ?
$$

</div>

**步骤 1：** 要使所有分数具有相同的分母，我们首先需要计算这三个分母的最小公倍数。

[[arg2]]、[[arg4]] 和 [[arg6]] 共享一个公分母 **[[lcm(arg2, arg4, arg6)]]**。


**步骤 2：**对每个分数，调整其分子和分母。将分子和分母同时乘以相同的因数，使所有分数的分母相同。
$$
\frac{[[arg1]]}{[[arg2]]} +  \frac{[[arg3]]}{[[arg4]]} +  \frac{[[arg5]]}{[[arg6]]} = \frac{[[arg1]]×[[lcm_of_three//arg2]]}{[[arg2]]×[[lcm_of_three//arg2]]} +  \frac{[[arg3]]×[[lcm_of_three//arg4]]}{[[arg4]]×[[lcm_of_three//arg4]]} +  \frac{[[arg5]]×[[lcm_of_three//arg6]]}{[[arg6]]×[[lcm_of_three//arg6]]} =  \frac{[[arg1*lcm_of_three//arg2]]}{[[lcm_of_three]]} +  \frac{[[arg3*lcm_of_three//arg4]]}{[[lcm_of_three]]} +  \frac{[[arg5*lcm_of_three//arg6]]}{[[lcm_of_three]]}
$$

**步骤 3：** 相加分子，并在需要时简化。
检查分数是否处于最简形式。
$$
\frac{[[arg1*lcm_of_three//arg2]]}{[[lcm_of_three]]} +  \frac{[[arg3*lcm_of_three//arg4]]}
{[[lcm_of_three]]} +  \frac{[[arg5*lcm_of_three//arg6]]}{[[lcm_of_three]]} = [[getAnswer(arg1,arg2,arg3,arg4,arg5,arg6,2)]]

$$

答案是 $[[getAnswer(arg1,arg2,arg3,arg4,arg5,arg6,2)]]$.",,,
7,71,"<div class=""ex-text"">

$$
\frac{[[arg1]]}{[[arg2]]} [[arg7]] \frac{[[arg3]]}{[[arg4]]} [[arg8]] \frac{[[arg5]]}{[[arg6]]} = ?
$$

</div>

**Step 1:** Fractions need to have the same denominator. Find the LCM of all three denominators.

We can see that [[arg2]], [[arg4]] and [[arg6]] have an LCM of **[[lcm(arg2, arg4, arg6)]]**.

**Step 2:** For each fraction, adjust the numerator. Multiply the numerator and denominator of each fraction by the same factor to make the denominators match.
$$
\frac{[[arg1]]}{[[arg2]]} [[arg7]] \frac{[[arg3]]}{[[arg4]]} [[arg8]] \frac{[[arg5]]}{[[arg6]]} = \frac{[[arg1]]×[[lcm(arg2, arg4, arg6)//arg2]]}{[[arg2]]×[[lcm(arg2, arg4, arg6)//arg2]]} [[arg7]] \frac{[[arg3]]×[[lcm(arg2, arg4, arg6)//arg4]]}{[[arg4]]×[[lcm(arg2, arg4, arg6)//arg4]]} [[arg8]] \frac{[[arg5]]×[[lcm(arg2, arg4, arg6)//arg6]]}{[[arg6]]×[[lcm(arg2, arg4, arg6)//arg6]]} = \frac{[[arg1*lcm(arg2, arg4, arg6)//arg2]]}{[[arg2*lcm(arg2, arg4, arg6)//arg2]]} [[arg7]] \frac{[[arg3*lcm(arg2, arg4, arg6)//arg4]]}{[[arg4*lcm(arg2, arg4, arg6)//arg4]]} [[arg8]] \frac{[[arg5*lcm(arg2, arg4, arg6)//arg6]]}{[[arg6*lcm(arg2, arg4, arg6)//arg6]]}
$$

**Step 3:** Go from left to right and add or subtract depending on the sign. Simplify if needed.
$$
\frac{[[arg1*lcm(arg2, arg4, arg6)//arg2]]}{[[arg2*lcm(arg2, arg4, arg6)//arg2]]} [[arg7]] \frac{[[arg3*lcm(arg2, arg4, arg6)//arg4]]}{[[arg4*lcm(arg2, arg4, arg6)//arg4]]} [[arg8]] \frac{[[arg5*lcm(arg2, arg4, arg6)//arg6]]}{[[arg6*lcm(arg2, arg4, arg6)//arg6]]}[[getAnswer(arg1, arg2, arg3, arg4, arg5, arg6, arg7, arg8, 1)]]
$$
The answer is $[[getAnswer(arg1, arg2, arg3, arg4, arg5, arg6, arg7, arg8, 2)]]$.
</div>","<div class=""ex-text"">

$$
\frac{[[arg1]]}{[[arg2]]} [[arg7]] \frac{[[arg3]]}{[[arg4]]} [[arg8]] \frac{[[arg5]]}{[[arg6]]} = ?
$$

</div>

**步骤 1：** 要使所有分数具有相同的分母，我们首先需要计算这三个分母的最小公倍数。

我们可以看到 [[arg2]]、[[arg4]] 和 [[arg6]] 的最小公倍数是 **[[lcm(arg2, arg4, arg6)]]**。

**步骤 2：** 对每个分数，调整其分子和分母。将分子和分母同时乘以相同的因数，使所有分数的分母相同。
$$
\frac{[[arg1]]}{[[arg2]]} [[arg7]] \frac{[[arg3]]}{[[arg4]]} [[arg8]] \frac{[[arg5]]}{[[arg6]]} = \frac{[[arg1]]×[[lcm(arg2, arg4, arg6)//arg2]]}{[[arg2]]×[[lcm(arg2, arg4, arg6)//arg2]]} [[arg7]] \frac{[[arg3]]×[[lcm(arg2, arg4, arg6)//arg4]]}{[[arg4]]×[[lcm(arg2, arg4, arg6)//arg4]]} [[arg8]] \frac{[[arg5]]×[[lcm(arg2, arg4, arg6)//arg6]]}{[[arg6]]×[[lcm(arg2, arg4, arg6)//arg6]]} = \frac{[[arg1*lcm(arg2, arg4, arg6)//arg2]]}{[[arg2*lcm(arg2, arg4, arg6)//arg2]]} [[arg7]] \frac{[[arg3*lcm(arg2, arg4, arg6)//arg4]]}{[[arg4*lcm(arg2, arg4, arg6)//arg4]]} [[arg8]] \frac{[[arg5*lcm(arg2, arg4, arg6)//arg6]]}{[[arg6*lcm(arg2, arg4, arg6)//arg6]]}
$$

**步骤 3：** 从左到右，根据符号进行加法或减法。如果结果为假分数，再进行简化。
$$
\frac{[[arg1*lcm(arg2, arg4, arg6)//arg2]]}{[[arg2*lcm(arg2, arg4, arg6)//arg2]]} [[arg7]] \frac{[[arg3*lcm(arg2, arg4, arg6)//arg4]]}{[[arg4*lcm(arg2, arg4, arg6)//arg4]]} [[arg8]] \frac{[[arg5*lcm(arg2, arg4, arg6)//arg6]]}{[[arg6*lcm(arg2, arg4, arg6)//arg6]]}[[getAnswer(arg1, arg2, arg3, arg4, arg5, arg6, arg7, arg8, 1)]]
$$
答案是 $[[getAnswer(arg1, arg2, arg3, arg4, arg5, arg6, arg7, arg8, 2)]]$。
</div>",,,
11,72,"<div class=""ex-text"">

$$
[[getExpression(arg1)]] = ?
$$

</div>

[[getSteps(arg1)]]

The answer is $[[getAnswer()]]$.","<div class=""ex-text"">

$$
[[getExpression(arg1)]] = ?
$$

</div>

[[getSteps(arg1)]]

答案是 $[[getAnswer()]]$。",,,
15,73,"<div class=""ex-text"">

$$
[[getExpression(arg1)]] = ?
$$

</div>

[[getSteps(arg1)]]

The answer is $[[getAnswer()]]$.","<div class=""ex-text"">

$$
[[getExpression(arg1)]] = ?
$$

</div>

[[getSteps(arg1)]]

答案是 $[[getAnswer()]]$.",,,